Motif_ID,Cluster_Label,UMAP_1,UMAP_2,Is_Control,Silhouette_Score,Distance_to_Centroid,Nearest_Neighbors
NCOA1|LXXLL|45-50,2,-3.8162901,-1.363298,True,-0.20266689360141754,4.62836217880249,"NCOA1|LXXLL|45-50, NP_056919.1|LESLL@336-340, YP_325663.1|LKKLL@1972-1976, NP_663784.1|LKELL@816-820, YP_073826.1|LSELL@394-398"
NCOA1|LXXLL|111-116,2,-0.40247893,1.0703337,True,0.5650688409805298,0.5232902765274048,"NCOA1|LXXLL|111-116, NP_690901.1|LKDLL@133-137, NCOA3|LXXLL|112-117, NP_044113.1|LDVLL@324-328, YP_001129421.1|LETLL@1016-1020"
NCOA1|LXXLL|632-637,2,1.1489782,-0.43372497,True,0.49253466725349426,1.8216296434402466,"NCOA1|LXXLL|632-637, NCOA2|LXXLL|640-645, YP_003766.2|LTKLL@1073-1077, YP_010229075.1|LTKLL@1073-1077, NP_694845.1|LRTLL@610-614"
NCOA1|LXXLL|689-694,2,-2.7054296,-0.5993088,True,0.15691527724266052,3.2824151515960693,"NCOA1|LXXLL|689-694, NP_690892.1|LSNLL@730-734, YP_009449557.1|LDALL@458-462, NP_056660.1|LPNLL@122-126, YP_009725315.1|LMALL@1677-1681"
NCOA1|LXXLL|748-753,2,-2.2125492,-2.033785,True,-0.2292013317346573,3.883051872253418,"NCOA1|LXXLL|748-753, NCOA2|LXXLL|744-749, NCOA3|LXXLL|737-742, NP_751905.1|LLGLL@61-65, NP_059443.2|LLGLL@978-982"
NCOA1|LXXLL|912-917,2,0.6858852,-0.2021932,True,0.513130784034729,1.3920488357543945,"NCOA1|LXXLL|912-917, YP_009709863.1|LSPLL@279-283, NP_690897.1|LQSLL@358-362, NP_056797.1|LMVLL@257-261, NCOA1|LXXLL|1434-1439"
NCOA1|LXXLL|1434-1439,2,0.47481132,-0.3214357,True,0.49551746249198914,1.4357668161392212,"NCOA1|LXXLL|1434-1439, NCOA3|LXXLL|620-625, NCOA1|LXXLL|912-917, CBP|LXXLL|357-362, PGC1alpha|LXXLL|143-148"
NCOA2|LXXLL|640-645,2,0.9055676,-0.4280776,True,0.49135294556617737,1.691182255744934,"NCOA2|LXXLL|640-645, NCOA1|LXXLL|632-637, NCOA1|LXXLL|912-917, NP_056797.1|LMVLL@257-261, YP_003848704.1|LLTLL@654-658"
NCOA2|LXXLL|689-694,2,-0.18087092,-0.5158297,True,0.4411066174507141,1.6142761707305908,"NCOA2|LXXLL|689-694, CBP|LXXLL|2066-2071, CBP|LXXLL|69-74, NP_054714.1|LPSLL@1757-1761, PGC1alpha|LXXLL|143-148"
NCOA2|LXXLL|744-749,2,-2.3019109,-1.9873652,True,-0.22587703168392181,3.9009103775024414,"NCOA2|LXXLL|744-749, NCOA3|LXXLL|737-742, NCOA1|LXXLL|748-753, NP_751905.1|LLGLL@61-65, NP_059443.2|LLGLL@978-982"
NCOA2|LXXLL|877-882,2,0.7235679,0.7906556,True,0.5846821069717407,0.664343535900116,"NCOA2|LXXLL|877-882, NP_056788.1|LSPLL@160-164, NP_740536.1|LPILL@221-225, NP_044112.1|LPGLL@330-334, NP_056793.1|LVGLL@140-144"
NCOA3|LXXLL|112-117,2,-0.5675236,1.128559,True,0.5586621165275574,0.6908206939697266,"NCOA3|LXXLL|112-117, NCOA1|LXXLL|111-116, NP_044113.1|LDVLL@324-328, NP_690901.1|LKDLL@133-137, YP_009924321.1|LTYLL@552-556"
NCOA3|LXXLL|620-625,2,0.40766275,-0.22849736,True,0.5041508078575134,1.3298102617263794,"NCOA3|LXXLL|620-625, NCOA1|LXXLL|1434-1439, CBP|LXXLL|357-362, PGC1alpha|LXXLL|143-148, NP_056843.1|LLRLL@16-20"
NCOA3|LXXLL|684-689,2,-3.9925692,0.076857865,True,0.12086856365203857,4.231576919555664,"NCOA3|LXXLL|684-689, NP_955619.1|LLGLL@730-734, NP_057860.1|LLGLL@1075-1079, NP_694871.1|LTLLL@54-58, NP_536615.1|LEILL@278-282"
NCOA3|LXXLL|737-742,2,-2.3107238,-1.9997698,True,-0.2312098890542984,3.9161062240600586,"NCOA3|LXXLL|737-742, NCOA2|LXXLL|744-749, NCOA1|LXXLL|748-753, NP_751905.1|LLGLL@61-65, NP_059443.2|LLGLL@978-982"
NCOA3|LXXLL|1056-1061,2,-3.494534,-1.0540237,True,-0.08154839277267456,4.193116188049316,"NCOA3|LXXLL|1056-1061, YP_401715.3|LGHLL@224-228, YP_001129426.1|LQKLL@17-21, NP_694872.1|LTELL@1341-1345, NP_040193.1|LMDLL@22-26"
NCOA4|LXXLL|91-96,1,-3.2862399,-5.176884,True,0.9809020161628723,0.12263666838407516,"NCOA4|LXXLL|91-96, NP_955618.1|LQDLL@55-59, NP_044111.1|LVTLL@151-155, NP_057860.1|LQDLL@185-189, NP_954567.1|LQDLL@55-59"
CBP|LXXLL|69-74,2,-0.4638806,-0.26014277,True,0.4579610228538513,1.4529833793640137,"CBP|LXXLL|69-74, NP_047110.2|LHHLL@135-139, CBP|LXXLL|2066-2071, NP_041004.1|LSALL@83-87, NCOA2|LXXLL|689-694"
CBP|LXXLL|357-362,2,0.22524337,-0.34162852,True,0.48481670022010803,1.415492296218872,"CBP|LXXLL|357-362, PGC1alpha|LXXLL|143-148, NCOA3|LXXLL|620-625, NCOA1|LXXLL|1434-1439, NP_054714.1|LPSLL@1757-1761"
CBP|LXXLL|2066-2071,2,-0.22285564,-0.14234854,True,0.48706647753715515,1.2601232528686523,"CBP|LXXLL|2066-2071, CBP|LXXLL|69-74, NP_041004.1|LSALL@83-87, YP_010790402.1|LTPLL@400-404, NP_047110.2|LHHLL@135-139"
MED1|LXXLL|603-608,2,-0.26288304,1.6716124,True,0.5840396881103516,0.7135484218597412,"MED1|LXXLL|603-608, YP_009944270.1|LYQLL@421-425, YP_001129434.1|LGNLL@257-261, NP_044113.1|LDVLL@324-328, YP_009924321.1|LTYLL@552-556"
MED1|LXXLL|644-649,2,0.39030525,-0.9028032,True,0.41216981410980225,1.9911311864852905,"MED1|LXXLL|644-649, YP_089652.1|LEALL@460-464, NP_536616.1|LKILL@87-91, YP_003848704.1|LLTLL@654-658, NP_054714.1|LPSLL@1757-1761"
PGC1alpha|LXXLL|143-148,2,0.1702858,-0.28542557,True,0.48936396837234497,1.3563343286514282,"PGC1alpha|LXXLL|143-148, CBP|LXXLL|357-362, NCOA3|LXXLL|620-625, NCOA1|LXXLL|1434-1439, NP_054714.1|LPSLL@1757-1761"
YP_009137149.1|LRPLL@697-701,2,-1.4153966,0.1441203,False,0.42908424139022827,1.7936551570892334,"YP_009137149.1|LRPLL@697-701, YP_009742614.1|LSVLL@56-60, YP_009944275.1|LAQLL@52-56, YP_009944367.1|LSNLL@433-437, YP_009924325.1|LAQLL@52-56"
YP_009137149.1|LSCLL@961-965,2,0.4268187,1.2018535,False,0.5953245759010315,0.3332030773162842,"YP_009137149.1|LSCLL@961-965, YP_003767.1|LEDLL@873-877, YP_009137226.1|LSCLL@989-993, YP_401715.3|LVHLL@68-72, YP_009137140.1|LLELL@69-73"
YP_009137145.1|LMWLL@85-89,2,2.2139096,4.66952,False,0.5773659944534302,4.163839817047119,"YP_009137145.1|LMWLL@85-89, YP_009137222.1|LVWLL@84-88, YP_009173870.1|LGPLL@64-68, YP_009173869.1|LGPLL@172-176, YP_009173871.1|LGPLL@9-13"
YP_009137140.1|LLELL@69-73,2,0.72701794,1.4419947,False,0.6040155291557312,0.7112398147583008,"YP_009137140.1|LLELL@69-73, YP_009137149.1|LSCLL@961-965, YP_003767.1|LEDLL@873-877, NP_056788.1|LSPLL@160-164, NCOA2|LXXLL|877-882"
YP_009137226.1|LRPLL@766-770,2,-1.9478256,0.6767095,False,0.42846810817718506,2.1056923866271973,"YP_009137226.1|LRPLL@766-770, NP_057860.1|LQALL@828-832, NP_955619.1|LQALL@483-487, YP_001129421.1|LDLLL@64-68, YP_009137149.1|LRPLL@697-701"
YP_009137226.1|LSCLL@989-993,2,0.23782793,0.8799422,False,0.581344485282898,0.22319769859313965,"YP_009137226.1|LSCLL@989-993, NP_859039.1|LASLL@277-281, YP_009118631.1|LASLL@277-281, YP_401715.3|LVHLL@68-72, NP_775505.1|LAGLL@204-208"
YP_009137222.1|LVWLL@84-88,2,2.2907698,4.7394032,False,0.5753505229949951,4.263002872467041,"YP_009137222.1|LVWLL@84-88, YP_009137145.1|LMWLL@85-89, YP_009173870.1|LGPLL@64-68, YP_009173869.1|LGPLL@172-176, YP_009173871.1|LGPLL@9-13"
NP_040193.1|LMDLL@22-26,2,-3.419825,-0.8510161,False,-0.013054880313575268,4.028204441070557,"NP_040193.1|LMDLL@22-26, YP_001129426.1|LQKLL@17-21, NP_690898.1|LNVLL@471-475, NP_044111.1|LRNLL@11-15, NCOA3|LXXLL|1056-1061"
YP_401715.3|LVHLL@68-72,2,0.11925464,0.97465485,False,0.5818137526512146,0.09536398202180862,"YP_401715.3|LVHLL@68-72, YP_009118631.1|LASLL@277-281, NP_859039.1|LASLL@277-281, NP_690896.1|LAALL@328-332, YP_009137226.1|LSCLL@989-993"
YP_401715.3|LGHLL@224-228,2,-3.4130032,-1.1022761,False,-0.08510377258062363,4.148090362548828,"YP_401715.3|LGHLL@224-228, NCOA3|LXXLL|1056-1061, NP_694872.1|LTELL@1341-1345, YP_001129426.1|LQKLL@17-21, NP_694845.1|LGDLL@1519-1523"
YP_401715.3|LSELL@275-279,2,-0.58642864,0.60703325,False,0.5325725078582764,0.845300018787384,"YP_401715.3|LSELL@275-279, NP_690899.1|LAILL@557-561, NP_690892.1|LIELL@469-473, YP_001129421.1|LETLL@1016-1020, YP_073829.1|LRVLL@173-177"
YP_401715.3|LYALL@670-674,2,1.514095,-1.1454159,False,0.40261098742485046,2.6171233654022217,"YP_401715.3|LYALL@670-674, YP_009194638.1|LYRLL@1115-1119, YP_717940.1|LHCLL@396-400, YP_009194637.1|LYRLL@1115-1119, NP_690893.1|LTNLL@953-957"
YP_401699.3|LYYLL@398-402,2,1.9858872,-0.5462625,False,0.4731292128562927,2.467961311340332,"YP_401699.3|LYYLL@398-402, YP_325663.1|LAFLL@3695-3699, YP_009362034.1|LNRLL@564-568, YP_010086033.1|LSDLL@28-32, YP_009227200.1|LVILL@14-18"
YP_001129500.1|LTKLL@46-50,2,2.0757847,0.12470966,False,0.5294979214668274,2.1715216636657715,"YP_001129500.1|LTKLL@46-50, YP_010839405.1|LRPLL@1672-1676, YP_009513269.1|LNQLL@43-47, NP_694845.1|LRPLL@1672-1676, YP_010790397.1|LLHLL@468-472"
YP_001129515.1|LALLL@27-31,2,2.9139357,2.867351,False,0.584019660949707,3.321444511413574,"YP_001129515.1|LALLL@27-31, NP_056788.1|LLLLL@7-11, NP_044114.1|LPLLL@115-119, NP_044114.1|LPLLL@115-119, YP_001129515.1|LLALL@33-37"
YP_001129515.1|LLALL@33-37,2,2.6848927,2.5940437,False,0.5902336835861206,2.982818126678467,"YP_001129515.1|LLALL@33-37, YP_001129515.1|LVDLL@168-172, YP_001129515.1|LALLL@27-31, NP_044114.1|LPLLL@115-119, NP_044114.1|LPLLL@115-119"
YP_001129515.1|LCLLL@83-87,2,2.4367464,6.0955243,False,0.5401046872138977,5.5334792137146,"YP_001129515.1|LCLLL@83-87, NP_955620.2|LVALL@449-453, NP_955621.1|LVALL@137-141, NP_776006.1|LAGLL@59-63, NP_044108.1|LTTLL@365-369"
YP_001129515.1|LVDLL@168-172,2,2.4711156,2.5404153,False,0.5962367653846741,2.772369623184204,"YP_001129515.1|LVDLL@168-172, YP_001129515.1|LLALL@33-37, YP_009194637.1|LVMLL@3429-3433, YP_009194638.1|LVMLL@3429-3433, YP_009944272.1|LWALL@21-25"
YP_001129515.1|LPTLL@344-348,2,0.36509737,0.5802869,False,0.569638729095459,0.5472664833068848,"YP_001129515.1|LPTLL@344-348, NP_775505.1|LAGLL@204-208, NP_056793.1|LVGLL@140-144, YP_009700102.2|LVSLL@1730-1734, YP_089656.1|LSPLL@388-392"
YP_001129514.1|LRLLL@41-45,2,2.8594563,1.6163808,False,0.5698314905166626,2.7926156520843506,"YP_001129514.1|LRLLL@41-45, YP_001129514.1|LFGLL@51-55, YP_003767.1|LLSLL@1310-1314, YP_009709863.1|LLFLL@338-342, YP_001129415.1|LNCLL@110-114"
YP_001129514.1|LFGLL@51-55,2,2.9179146,1.6682817,False,0.5688357949256897,2.8603708744049072,"YP_001129514.1|LFGLL@51-55, YP_001129514.1|LRLLL@41-45, YP_003767.1|LLSLL@1310-1314, YP_009709863.1|LLFLL@338-342, YP_001129415.1|LNCLL@110-114"
YP_010790405.1|LYALL@256-260,2,2.6307056,6.2631836,False,0.5334482789039612,5.767899036407471,"YP_010790405.1|LYALL@256-260, NP_044109.1|LSVLL@172-176, NP_044108.1|LTTLL@365-369, NP_056923.1|LIGLL@49-53, YP_001129515.1|LCLLL@83-87"
YP_010790402.1|LTPLL@400-404,2,-0.024113191,0.13768634,False,0.5253812074661255,0.9435164332389832,"YP_010790402.1|LTPLL@400-404, NP_690895.1|LRPLL@217-221, YP_009194637.1|LVPLL@5746-5750, YP_003766.2|LIPLL@5716-5720, YP_009700102.2|LVSLL@1730-1734"
YP_010790400.1|LRQLL@277-281,2,-2.5673335,-0.03520543,False,0.281819224357605,2.906477928161621,"YP_010790400.1|LRQLL@277-281, YP_717940.1|LMDLL@13-17, YP_717941.1|LMDLL@13-17, NP_043513.1|LMDLL@13-17, NP_043512.1|LMDLL@13-17"
YP_010790398.1|LSALL@139-143,2,-3.3312728,-1.4140959,False,-0.16827815771102905,4.252957344055176,"YP_010790398.1|LSALL@139-143, YP_010839405.1|LGDLL@1519-1523, YP_009944368.1|LKSLL@715-719, YP_325663.1|LRRLL@2433-2437, NP_694845.1|LGDLL@1519-1523"
YP_010790397.1|LLHLL@468-472,2,1.8342134,-0.0847382,False,0.5192969441413879,2.066199779510498,"YP_010790397.1|LLHLL@468-472, YP_010086033.1|LSDLL@28-32, YP_009513269.1|LNQLL@43-47, YP_009362034.1|LNRLL@564-568, NP_056921.1|LNRLL@291-295"
YP_010790396.1|LFFLL@179-183,2,2.4221582,0.74923503,False,0.5556467175483704,2.323594570159912,"YP_010790396.1|LFFLL@179-183, NP_056663.1|LSYLL@28-32, YP_009194638.1|LPLLL@1585-1589, NP_690900.1|LCGLL@66-70, YP_009194637.1|LPLLL@1585-1589"
YP_495283.1|LMILL@19-23,2,1.7420368,5.8878064,False,0.546505331993103,5.083264350891113,"YP_495283.1|LMILL@19-23, YP_003766.2|LVILL@2060-2064, YP_009194641.1|LIVLL@22-26, YP_010229075.1|LVILL@2060-2064, YP_009944297.1|LFPLL@45-49"
YP_073829.1|LRVLL@173-177,2,-0.20785742,0.6776492,False,0.556546688079834,0.5118271708488464,"YP_073829.1|LRVLL@173-177, YP_001129434.1|LSPLL@73-77, YP_073828.1|LYSLL@225-229, NP_690892.1|LIELL@469-473, YP_089656.1|LSPLL@388-392"
YP_073828.1|LYSLL@225-229,2,-0.0442614,0.69069934,False,0.5639142990112305,0.4136697053909302,"YP_073828.1|LYSLL@225-229, YP_089656.1|LSPLL@388-392, YP_073829.1|LRVLL@173-177, YP_001129434.1|LSPLL@73-77, YP_009118631.1|LASLL@277-281"
YP_073826.1|LSELL@394-398,2,-4.0633874,-1.4105097,False,-0.2352285385131836,4.864203929901123,"YP_073826.1|LSELL@394-398, YP_009164952.1|LNTLL@75-79, YP_009164950.1|LNTLL@862-866, YP_009246337.1|LNTLL@866-870, YP_009246338.1|LNTLL@75-79"
YP_001129434.1|LSPLL@73-77,2,-0.21065629,0.73677343,False,0.5595846176147461,0.47001567482948303,"YP_001129434.1|LSPLL@73-77, YP_073829.1|LRVLL@173-177, YP_073828.1|LYSLL@225-229, NP_690892.1|LIELL@469-473, YP_089656.1|LSPLL@388-392"
YP_001129434.1|LGVLL@114-118,2,-3.162496,-0.8388083,False,0.028476135805249214,3.797852039337158,"YP_001129434.1|LGVLL@114-118, NP_044111.1|LRNLL@11-15, YP_001129426.1|LQKLL@17-21, YP_001129421.1|LDTLL@516-520, NP_040193.1|LMDLL@22-26"
YP_001129434.1|LGNLL@257-261,2,-0.058161758,2.027404,False,0.5939581990242004,0.9739826321601868,"YP_001129434.1|LGNLL@257-261, MED1|LXXLL|603-608, YP_010839203.1|LNRLL@565-569, NP_694845.1|LSGLL@1352-1356, NP_690899.1|LNELL@598-602"
YP_001129430.1|LDRLL@79-83,2,-3.8257267,0.92823684,False,0.25238028168678284,3.9490835666656494,"YP_001129430.1|LDRLL@79-83, YP_003766.2|LMPLL@1371-1375, YP_010229075.1|LMPLL@1371-1375, YP_009944368.1|LAPLL@305-309, YP_006355436.1|LNVLL@75-79"
YP_001129430.1|LLKLL@159-163,2,0.49903387,2.507438,False,0.6072494983673096,1.486358880996704,"YP_001129430.1|LLKLL@159-163, YP_009173866.1|LTNLL@404-408, YP_009924321.1|LFVLL@1297-1301, NP_690899.1|LNELL@598-602, NP_694845.1|LSGLL@1352-1356"
YP_001129426.1|LQKLL@17-21,2,-3.3604057,-0.9342478,False,-0.02867041900753975,4.016952037811279,"YP_001129426.1|LQKLL@17-21, NP_040193.1|LMDLL@22-26, NP_044111.1|LRNLL@11-15, YP_401715.3|LGHLL@224-228, NCOA3|LXXLL|1056-1061"
YP_001129421.1|LDLLL@64-68,2,-2.4986548,0.50084406,False,0.35712382197380066,2.6805872917175293,"YP_001129421.1|LDLLL@64-68, NP_694872.1|LSTLL@1227-1231, NP_955619.1|LQALL@483-487, NP_057860.1|LQALL@828-832, NP_056797.1|LVSLL@705-709"
YP_001129421.1|LDTLL@516-520,2,-3.1767373,-1.0606171,False,-0.04072524607181549,3.925987958908081,"YP_001129421.1|LDTLL@516-520, NP_044111.1|LRNLL@11-15, NP_694872.1|LTELL@1341-1345, YP_001129434.1|LGVLL@114-118, YP_001129426.1|LQKLL@17-21"
YP_001129421.1|LETLL@1016-1020,2,-0.66539484,0.91983944,False,0.5449291467666626,0.8004186749458313,"YP_001129421.1|LETLL@1016-1020, NCOA3|LXXLL|112-117, NP_690901.1|LKDLL@133-137, YP_009944271.1|LTYLL@681-685, NCOA1|LXXLL|111-116"
YP_001129421.1|LTYLL@1836-1840,2,1.2348146,2.4331172,False,0.6142974495887756,1.7604190111160278,"YP_001129421.1|LTYLL@1836-1840, YP_010086029.1|LRMLL@812-816, YP_010839406.1|LMDLL@436-440, YP_009246337.1|LLALL@1301-1305, NP_694851.1|LMDLL@436-440"
YP_001129421.1|LGALL@2034-2038,2,1.3790145,2.2558432,False,0.6135314106941223,1.7289549112319946,"YP_001129421.1|LGALL@2034-2038, YP_001129421.1|LTYLL@1836-1840, YP_010839406.1|LMDLL@436-440, YP_010086029.1|LRMLL@812-816, YP_009246337.1|LLALL@1301-1305"
YP_001129421.1|LTPLL@2064-2068,2,0.7130288,0.098201424,False,0.5415124297142029,1.1380360126495361,"YP_001129421.1|LTPLL@2064-2068, YP_009709863.1|LSPLL@279-283, NP_690897.1|LQSLL@358-362, NP_041004.1|LPPLL@112-116, NP_056797.1|LMVLL@257-261"
YP_001129418.1|LRDLL@720-724,2,-2.1862056,-1.4308859,False,-0.01253947988152504,3.402467966079712,"YP_001129418.1|LRDLL@720-724, YP_009944300.1|LMALL@40-44, NP_056658.1|LKQLL@9-13, NP_694872.1|LCELL@1529-1533, NP_044110.1|LRHLL@13-17"
YP_001129415.1|LNCLL@110-114,2,2.7269452,0.97647697,False,0.5548028945922852,2.607811689376831,"YP_001129415.1|LNCLL@110-114, YP_009944371.1|LFCLL@227-231, YP_009709863.1|LLFLL@338-342, YP_009194637.1|LFSLL@3409-3413, YP_009742613.1|LFCLL@227-231"
YP_001129415.1|LFVLL@271-275,2,3.1016943,4.906426,False,0.5604923367500305,4.858372211456299,"YP_001129415.1|LFVLL@271-275, YP_010806445.1|LMALL@375-379, NP_776008.1|LYLLL@173-177, YP_010775805.1|LMALL@709-713, NP_775508.1|LASLL@88-92"
NP_042239.1|LKILL@85-89,2,0.13224334,-1.2305737,False,0.33878666162490845,2.3006081581115723,"NP_042239.1|LKILL@85-89, NP_536616.1|LKILL@87-91, NP_047113.3|LNRLL@1173-1177, NP_740553.1|LCFLL@159-163, NP_054711.1|LSNLL@76-80"
NP_042239.1|LYKLL@156-160,2,-1.7922404,-0.9345413,False,0.20126944780349731,2.770916223526001,"NP_042239.1|LYKLL@156-160, NP_536616.1|LYKLL@158-162, YP_009944300.1|LMALL@40-44, YP_010086029.1|LETLL@73-77, YP_009944370.1|LKELL@268-272"
NP_042239.1|LIMLL@279-283,2,-0.7502101,-1.3759236,False,0.2219460904598236,2.5963919162750244,"NP_042239.1|LIMLL@279-283, NP_536616.1|LIMLL@281-285, NP_789739.1|LCKLL@279-283, YP_001856242.1|LCKLL@279-283, NP_789740.1|LCKLL@426-430"
NP_042239.1|LRYLL@320-324,2,-2.2453718,-0.7018289,False,0.19681298732757568,2.9560482501983643,"NP_042239.1|LRYLL@320-324, NP_536616.1|LRYLL@322-326, YP_009725315.1|LMALL@1677-1681, YP_010084718.1|LNKLL@797-801, NP_056660.1|LPNLL@122-126"
NP_536616.1|LKILL@87-91,2,0.29426956,-1.1397344,False,0.3664141595363617,2.216538190841675,"NP_536616.1|LKILL@87-91, NP_112028.1|LNKLL@1173-1177, NP_047113.3|LNRLL@1173-1177, NP_042239.1|LKILL@85-89, MED1|LXXLL|644-649"
NP_536616.1|LYKLL@158-162,2,-1.8400093,-0.8974283,False,0.20415709912776947,2.7776997089385986,"NP_536616.1|LYKLL@158-162, NP_042239.1|LYKLL@156-160, YP_010086029.1|LETLL@73-77, YP_009944300.1|LMALL@40-44, NP_056658.1|LKQLL@9-13"
NP_536616.1|LIMLL@281-285,2,-0.900188,-1.3556063,False,0.20864242315292358,2.6317362785339355,"NP_536616.1|LIMLL@281-285, NP_042239.1|LIMLL@279-283, NP_789739.1|LCKLL@279-283, NP_789740.1|LCKLL@426-430, YP_001856242.1|LCKLL@279-283"
NP_536616.1|LRYLL@322-326,2,-2.2205758,-0.56717384,False,0.22984351217746735,2.8570003509521484,"NP_536616.1|LRYLL@322-326, NP_042239.1|LRYLL@320-324, NP_056660.1|LPNLL@122-126, NP_056919.1|LMTLL@481-485, NP_043513.1|LMDLL@13-17"
NP_536615.1|LEILL@278-282,2,-4.276375,0.222118,False,0.11082856357097626,4.478187084197998,"NP_536615.1|LEILL@278-282, NP_694871.1|LTLLL@54-58, NP_955619.1|LKTLL@984-988, YP_009111421.1|LIDLL@606-610, NP_057860.1|LKTLL@1329-1333"
NP_044114.1|LPLLL@115-119,2,3.0815036,2.7645006,False,0.5780872106552124,3.411306381225586,"NP_044114.1|LPLLL@115-119, NP_044114.1|LPLLL@115-119, NP_056788.1|LLLLL@7-11, YP_001129515.1|LALLL@27-31, YP_001129515.1|LLALL@33-37"
NP_044114.1|LPLLL@115-119,2,3.0715423,2.737965,False,0.5782970786094666,3.3895280361175537,"NP_044114.1|LPLLL@115-119, NP_044114.1|LPLLL@115-119, NP_056788.1|LLLLL@7-11, YP_001129515.1|LALLL@27-31, YP_001129515.1|LLALL@33-37"
NP_044113.1|LDVLL@324-328,2,-0.46537936,1.272487,False,0.5680665373802185,0.6201757192611694,"NP_044113.1|LDVLL@324-328, NCOA3|LXXLL|112-117, YP_009924321.1|LTYLL@552-556, NCOA1|LXXLL|111-116, YP_009944270.1|LYQLL@421-425"
NP_044112.1|LPGLL@330-334,2,1.0567178,0.7702749,False,0.5840979218482971,0.9827308058738708,"NP_044112.1|LPGLL@330-334, YP_009137510.1|LRALL@1621-1625, NP_740536.1|LPILL@221-225, NP_056788.1|LSPLL@160-164, NP_051035.1|LRALL@1602-1606"
NP_044111.1|LRNLL@11-15,2,-3.2674317,-0.88705045,False,-0.0012220126809552312,3.912832736968994,"NP_044111.1|LRNLL@11-15, YP_001129426.1|LQKLL@17-21, YP_001129434.1|LGVLL@114-118, NP_040193.1|LMDLL@22-26, YP_001129421.1|LDTLL@516-520"
NP_044111.1|LVTLL@151-155,1,-3.1971197,-5.270396,False,0.9931521415710449,0.007132427301257849,"NP_044111.1|LVTLL@151-155, NP_057860.1|LQDLL@185-189, NP_954567.1|LQDLL@55-59, NP_041002.1|LQDLL@191-195, NP_057861.1|LQDLL@185-189"
NP_044110.1|LRHLL@13-17,2,-2.2435825,-1.780445,False,-0.14701218903064728,3.703434705734253,"NP_044110.1|LRHLL@13-17, YP_325663.1|LTDLL@3318-3322, NCOA2|LXXLL|744-749, NCOA3|LXXLL|737-742, NP_694872.1|LCELL@1529-1533"
NP_044109.1|LFALL@17-21,2,2.9999707,5.56701,False,0.5481719374656677,5.339719295501709,"NP_044109.1|LFALL@17-21, YP_009118626.1|LVVLL@5-9, YP_010809076.1|LAGLL@285-289, NP_043512.1|LLLLL@576-580, YP_717940.1|LLLLL@577-581"
NP_044109.1|LSVLL@172-176,2,2.635889,6.266514,False,0.5332933664321899,5.773153781890869,"NP_044109.1|LSVLL@172-176, YP_010790405.1|LYALL@256-260, NP_044108.1|LTTLL@365-369, NP_056923.1|LIGLL@49-53, YP_001129515.1|LCLLL@83-87"
NP_044108.1|LTTLL@365-369,2,2.6150806,6.2727714,False,0.5332782864570618,5.769761562347412,"NP_044108.1|LTTLL@365-369, YP_010790405.1|LYALL@256-260, NP_044109.1|LSVLL@172-176, NP_056923.1|LIGLL@49-53, YP_001129515.1|LCLLL@83-87"
NP_044107.1|LRLLL@18-22,2,3.0613673,3.2960842,False,0.5789790749549866,3.688128709793091,"NP_044107.1|LRLLL@18-22, YP_010839202.1|LSILL@1121-1125, YP_001129515.1|LALLL@27-31, NP_056788.1|LLLLL@7-11, NP_044114.1|LPLLL@115-119"
NP_851588.1|LFSLL@19-23,2,2.0555463,2.7511203,False,0.6063749194145203,2.5630733966827393,"NP_851588.1|LFSLL@19-23, YP_009924324.1|LFTLL@74-78, YP_003766.2|LTWLL@1913-1917, YP_010229075.1|LTWLL@1913-1917, NP_851587.1|LYILL@68-72"
NP_851587.1|LYILL@68-72,2,2.1098378,2.9723458,False,0.6044764518737793,2.7522940635681152,"NP_851587.1|LYILL@68-72, YP_003766.2|LTWLL@1913-1917, YP_009944272.1|LSNLL@3-7, YP_010229075.1|LTWLL@1913-1917, YP_009924324.1|LFTLL@74-78"
YP_009163895.1|LADLL@38-42,2,-0.9197477,1.1253195,False,0.5375179052352905,1.0420280694961548,"YP_009163895.1|LADLL@38-42, YP_009194638.1|LEVLL@1410-1414, YP_009194637.1|LEVLL@1410-1414, YP_009944271.1|LTYLL@681-685, YP_009924321.1|LTYLL@552-556"
YP_009163893.1|LQQLL@244-248,2,-2.7872121,-1.0105734,False,0.03404437005519867,3.575669288635254,"YP_009163893.1|LQQLL@244-248, YP_009700102.2|LNRLL@747-751, YP_009449557.1|LDALL@458-462, YP_009742610.1|LKTLL@738-742, YP_009725315.1|LMALL@1677-1681"
YP_009163893.1|LPPLL@510-514,2,0.6296096,0.43449798,False,0.5650873780250549,0.8140923976898193,"YP_009163893.1|LPPLL@510-514, NP_041004.1|LPPLL@112-116, NP_955619.1|LPRLL@780-784, NP_057860.1|LPRLL@1125-1129, YP_001129515.1|LPTLL@344-348"
YP_009163892.1|LQFLL@71-75,2,2.7593982,0.7872119,False,0.5453929901123047,2.653698205947876,"YP_009163892.1|LQFLL@71-75, YP_009194637.1|LFSLL@3409-3413, YP_009742613.1|LFCLL@227-231, YP_009194637.1|LPLLL@1585-1589, YP_009194638.1|LFSLL@3409-3413"
YP_717941.1|LMDLL@13-17,2,-2.2340713,-0.09335911,False,0.3131052255630493,2.6265738010406494,"YP_717941.1|LMDLL@13-17, YP_717940.1|LMDLL@13-17, NP_043512.1|LMDLL@13-17, NP_043513.1|LMDLL@13-17, NP_056919.1|LMTLL@481-485"
YP_717940.1|LMDLL@13-17,2,-2.25745,-0.09303788,False,0.31042709946632385,2.647413492202759,"YP_717940.1|LMDLL@13-17, YP_717941.1|LMDLL@13-17, NP_043512.1|LMDLL@13-17, NP_043513.1|LMDLL@13-17, NP_056919.1|LMTLL@481-485"
YP_717940.1|LHCLL@396-400,2,1.7325808,-1.0549276,False,0.4159548282623291,2.6670479774475098,"YP_717940.1|LHCLL@396-400, YP_009194637.1|LYRLL@1115-1119, YP_009194638.1|LYRLL@1115-1119, NP_690893.1|LTNLL@953-957, NP_740555.1|LMDLL@308-312"
YP_717940.1|LLLLL@577-581,2,2.7912536,5.5266976,False,0.5524407029151917,5.195513725280762,"YP_717940.1|LLLLL@577-581, NP_043512.1|LLLLL@576-580, NP_044109.1|LFALL@17-21, YP_009173871.1|LGPLL@9-13, YP_009709862.1|LVVLL@181-185"
YP_717938.1|LPLLL@176-180,2,4.0668654,4.6325855,False,0.5372531414031982,5.3163251876831055,"YP_717938.1|LPLLL@176-180, YP_717937.1|LPLLL@295-299, NP_776003.1|LMALL@151-155, NP_043509.1|LPLLL@296-300, NP_043510.1|LPLLL@177-181"
YP_717937.1|LPLLL@295-299,2,4.0594344,4.637393,False,0.5374441146850586,5.314038276672363,"YP_717937.1|LPLLL@295-299, YP_717938.1|LPLLL@176-180, NP_776003.1|LMALL@151-155, NP_043509.1|LPLLL@296-300, NP_043510.1|LPLLL@177-181"
YP_717936.1|LELLL@33-37,2,1.8785142,-1.458078,False,0.3578915596008301,3.0790793895721436,"YP_717936.1|LELLL@33-37, YP_003766.2|LIDLL@2705-2709, YP_010229075.1|LIDLL@2705-2709, NP_690893.1|LTNLL@953-957, NP_043508.1|LIFLL@29-33"
NP_043513.1|LMDLL@13-17,2,-2.2645962,-0.212475,False,0.2907504141330719,2.7083070278167725,"NP_043513.1|LMDLL@13-17, NP_043512.1|LMDLL@13-17, NP_056919.1|LMTLL@481-485, YP_717940.1|LMDLL@13-17, YP_717941.1|LMDLL@13-17"
NP_043512.1|LMDLL@13-17,2,-2.2288225,-0.14988159,False,0.30506837368011475,2.6474335193634033,"NP_043512.1|LMDLL@13-17, YP_717941.1|LMDLL@13-17, YP_717940.1|LMDLL@13-17, NP_043513.1|LMDLL@13-17, NP_056919.1|LMTLL@481-485"
NP_043512.1|LLLLL@576-580,2,2.8171694,5.477741,False,0.5532883405685425,5.167056560516357,"NP_043512.1|LLLLL@576-580, YP_717940.1|LLLLL@577-581, NP_044109.1|LFALL@17-21, YP_009709862.1|LVVLL@181-185, YP_009173871.1|LGPLL@9-13"
NP_043510.1|LPLLL@177-181,2,4.035057,4.592975,False,0.5387493371963501,5.266178131103516,"NP_043510.1|LPLLL@177-181, NP_776003.1|LMALL@151-155, YP_717937.1|LPLLL@295-299, YP_717938.1|LPLLL@176-180, NP_043509.1|LPLLL@296-300"
NP_043509.1|LPLLL@296-300,2,4.0775065,4.632627,False,0.5368894338607788,5.324256420135498,"NP_043509.1|LPLLL@296-300, YP_717938.1|LPLLL@176-180, NP_776003.1|LMALL@151-155, YP_717937.1|LPLLL@295-299, NP_043510.1|LPLLL@177-181"
NP_043508.1|LIFLL@29-33,2,1.6185535,-1.5049273,False,0.3477836847305298,2.978844404220581,"NP_043508.1|LIFLL@29-33, YP_717936.1|LELLL@33-37, YP_003766.2|LIDLL@2705-2709, YP_010229075.1|LIDLL@2705-2709, NP_690893.1|LTNLL@953-957"
YP_009111422.1|LCKLL@13-17,2,-1.6136756,-1.5526314,False,0.04091509431600571,3.144307851791382,"YP_009111422.1|LCKLL@13-17, YP_009111421.1|LCKLL@13-17, YP_325663.1|LLELL@849-853, YP_009944370.1|LKELL@268-272, YP_009944300.1|LMALL@40-44"
YP_009111421.1|LCKLL@13-17,2,-1.60582,-1.560831,False,0.03930329903960228,3.1468329429626465,"YP_009111421.1|LCKLL@13-17, YP_009111422.1|LCKLL@13-17, YP_325663.1|LLELL@849-853, YP_009944370.1|LKELL@268-272, YP_009742612.1|LKELL@268-272"
YP_009111421.1|LIDLL@606-610,2,-4.3039484,0.30902356,False,0.12128333002328873,4.489720821380615,"YP_009111421.1|LIDLL@606-610, YP_009725315.1|LGMLL@1173-1177, YP_010839404.1|LNLLL@55-59, NP_955619.1|LKTLL@984-988, NP_536615.1|LEILL@278-282"
YP_009173871.1|LGPLL@9-13,2,2.5447893,5.405027,False,0.5582561492919922,4.966696739196777,"YP_009173871.1|LGPLL@9-13, YP_009173869.1|LGPLL@172-176, YP_717940.1|LLLLL@577-581, NP_043512.1|LLLLL@576-580, YP_009700102.2|LIVLL@374-378"
YP_009173871.1|LFILL@84-88,0,15.287655,-3.4375002,False,0.9987087249755859,0.005968879442662001,"YP_009173871.1|LFILL@84-88, YP_009173871.1|LIFLL@91-95, YP_009173869.1|LIFLL@254-258, YP_009173870.1|LFILL@139-143, YP_009173869.1|LFILL@247-251"
YP_009173871.1|LIFLL@91-95,0,15.285059,-3.4413712,False,0.9985945820808411,0.01053635124117136,"YP_009173871.1|LIFLL@91-95, YP_009173871.1|LFILL@84-88, YP_009173869.1|LIFLL@254-258, YP_009173870.1|LFILL@139-143, YP_009173869.1|LFILL@247-251"
YP_009173870.1|LGPLL@64-68,2,2.312489,5.121011,False,0.5668298006057739,4.605875492095947,"YP_009173870.1|LGPLL@64-68, YP_009173869.1|LGPLL@172-176, YP_009173871.1|LGPLL@9-13, YP_009137222.1|LVWLL@84-88, YP_009137145.1|LMWLL@85-89"
YP_009173870.1|LFILL@139-143,0,15.295982,-3.4298227,False,0.9986495971679688,0.005364179611206055,"YP_009173870.1|LFILL@139-143, YP_009173869.1|LIFLL@254-258, YP_009173871.1|LFILL@84-88, YP_009173871.1|LIFLL@91-95, YP_009173870.1|LIFLL@146-150"
YP_009173870.1|LIFLL@146-150,0,15.323065,-3.4029617,False,0.9967549443244934,0.04350823909044266,"YP_009173870.1|LIFLL@146-150, YP_009173870.1|LFILL@139-143, YP_009173869.1|LIFLL@254-258, YP_009173871.1|LFILL@84-88, YP_009173871.1|LIFLL@91-95"
YP_009173869.1|LGPLL@172-176,2,2.3707182,5.194666,False,0.5647261738777161,4.69839334487915,"YP_009173869.1|LGPLL@172-176, YP_009173870.1|LGPLL@64-68, YP_009173871.1|LGPLL@9-13, YP_009137222.1|LVWLL@84-88, YP_009700102.2|LIVLL@374-378"
YP_009173869.1|LFILL@247-251,0,15.267213,-3.45861,False,0.9973586201667786,0.0353347584605217,"YP_009173869.1|LFILL@247-251, YP_009173871.1|LIFLL@91-95, YP_009173871.1|LFILL@84-88, YP_009173869.1|LIFLL@254-258, YP_009173870.1|LFILL@139-143"
YP_009173869.1|LIFLL@254-258,0,15.294043,-3.4313169,False,0.9987098574638367,0.002950085559859872,"YP_009173869.1|LIFLL@254-258, YP_009173870.1|LFILL@139-143, YP_009173871.1|LFILL@84-88, YP_009173871.1|LIFLL@91-95, YP_009173869.1|LFILL@247-251"
YP_009173866.1|LTNLL@404-408,2,0.3903809,2.3353317,False,0.6060973405838013,1.2937219142913818,"YP_009173866.1|LTNLL@404-408, YP_009924321.1|LFVLL@1297-1301, NP_694845.1|LSGLL@1352-1356, NP_690899.1|LNELL@598-602, YP_001129430.1|LLKLL@159-163"
NP_859039.1|LASLL@277-281,2,0.16612843,0.91097206,False,0.5807709097862244,0.16536469757556915,"NP_859039.1|LASLL@277-281, YP_009118631.1|LASLL@277-281, YP_009137226.1|LSCLL@989-993, YP_401715.3|LVHLL@68-72, NP_690896.1|LAALL@328-332"
YP_009118631.1|LASLL@277-281,2,0.11685769,0.8999112,False,0.5789564847946167,0.1701408475637436,"YP_009118631.1|LASLL@277-281, NP_859039.1|LASLL@277-281, YP_401715.3|LVHLL@68-72, YP_009137226.1|LSCLL@989-993, NP_690896.1|LAALL@328-332"
YP_009121767.1|LLVLL@98-102,2,1.0667424,-1.2071165,False,0.38582944869995117,2.465780258178711,"YP_009121767.1|LLVLL@98-102, YP_009118626.1|LLVLL@442-446, NP_056924.1|LDLLL@1577-1581, YP_401715.3|LYALL@670-674, YP_089652.1|LEALL@460-464"
YP_009118626.1|LVVLL@5-9,2,3.1014335,5.4216137,False,0.5497586727142334,5.2745232582092285,"YP_009118626.1|LVVLL@5-9, YP_009709862.1|LVVLL@181-185, NP_044109.1|LFALL@17-21, NP_775501.1|LVVLL@157-161, NP_043512.1|LLLLL@576-580"
YP_009118626.1|LLVLL@442-446,2,1.0654123,-1.2156796,False,0.3843872547149658,2.473182201385498,"YP_009118626.1|LLVLL@442-446, YP_009121767.1|LLVLL@98-102, NP_056924.1|LDLLL@1577-1581, YP_401715.3|LYALL@670-674, YP_089652.1|LEALL@460-464"
NP_056663.1|LTLLL@9-13,2,1.6551999,2.9220848,False,0.6105092167854309,2.4051079750061035,"NP_056663.1|LTLLL@9-13, NP_835358.1|LTGLL@370-374, YP_009944371.1|LTSLL@19-23, YP_009194638.1|LTGLL@2859-2863, YP_009194637.1|LTGLL@2859-2863"
NP_056663.1|LSYLL@28-32,2,2.490492,0.59825385,False,0.5457450747489929,2.416182518005371,"NP_056663.1|LSYLL@28-32, YP_009194638.1|LPLLL@1585-1589, YP_010790396.1|LFFLL@179-183, YP_009194637.1|LPLLL@1585-1589, YP_009742613.1|LFCLL@227-231"
NP_056660.1|LPNLL@122-126,2,-2.399713,-0.46699342,False,0.22714705765247345,2.9521872997283936,"NP_056660.1|LPNLL@122-126, NP_536616.1|LRYLL@322-326, NP_056919.1|LMTLL@481-485, NP_042239.1|LRYLL@320-324, NP_043513.1|LMDLL@13-17"
NP_056660.1|LAVLL@459-463,2,-2.318784,-1.0008712,False,0.10883979499340057,3.2000246047973633,"NP_056660.1|LAVLL@459-463, YP_010084718.1|LNKLL@797-801, YP_009725315.1|LMALL@1677-1681, NP_056658.1|LKQLL@9-13, YP_010086029.1|LETLL@73-77"
NP_056658.1|LKQLL@9-13,2,-2.1466405,-1.1003412,False,0.10544948279857635,3.13874888420105,"NP_056658.1|LKQLL@9-13, YP_010086029.1|LETLL@73-77, YP_010084718.1|LNKLL@797-801, YP_009944300.1|LMALL@40-44, NP_056660.1|LAVLL@459-463"
YP_089656.1|LSPLL@388-392,2,0.06920808,0.6158072,False,0.5637820363044739,0.45712095499038696,"YP_089656.1|LSPLL@388-392, YP_073828.1|LYSLL@225-229, YP_009700102.2|LVSLL@1730-1734, NP_775505.1|LAGLL@204-208, YP_073829.1|LRVLL@173-177"
YP_089652.1|LEALL@460-464,2,0.62176526,-0.83441794,False,0.4316934645175934,1.9692094326019287,"YP_089652.1|LEALL@460-464, YP_003848704.1|LLTLL@654-658, MED1|LXXLL|644-649, NP_112028.1|LNKLL@1173-1177, NP_536616.1|LKILL@87-91"
YP_009449561.1|LMLLL@314-318,2,1.873485,3.2317653,False,0.6053442358970642,2.78299617767334,"YP_009449561.1|LMLLL@314-318, YP_009944371.1|LTSLL@19-23, YP_010229075.1|LTWLL@1913-1917, NP_851587.1|LYILL@68-72, YP_009944272.1|LSNLL@3-7"
YP_009449557.1|LDALL@458-462,2,-2.7414317,-0.7756625,False,0.10826422274112701,3.405719757080078,"YP_009449557.1|LDALL@458-462, NCOA1|LXXLL|689-694, NP_690892.1|LSNLL@730-734, YP_009700102.2|LNRLL@747-751, YP_009163893.1|LQQLL@244-248"
YP_009944372.1|LSVLL@56-60,2,-1.1563137,-0.23614898,False,0.4056350588798523,1.8267700672149658,"YP_009944372.1|LSVLL@56-60, YP_009944367.1|LSNLL@433-437, NP_694846.1|LLDLL@31-35, YP_009742614.1|LSVLL@56-60, YP_009137149.1|LRPLL@697-701"
YP_009944371.1|LTSLL@19-23,2,1.8341689,2.9657028,False,0.6085519790649414,2.555241823196411,"YP_009944371.1|LTSLL@19-23, YP_010229075.1|LTWLL@1913-1917, NP_056663.1|LTLLL@9-13, YP_003766.2|LTWLL@1913-1917, YP_009924324.1|LFTLL@74-78"
YP_009944371.1|LFCLL@227-231,2,2.8026905,0.9301321,False,0.5499988198280334,2.6855244636535645,"YP_009944371.1|LFCLL@227-231, YP_001129415.1|LNCLL@110-114, YP_009194637.1|LFSLL@3409-3413, YP_009194638.1|LFSLL@3409-3413, YP_009163892.1|LQFLL@71-75"
YP_009944370.1|LKELL@268-272,2,-1.7067466,-1.2927012,False,0.11293873935937881,2.9870309829711914,"YP_009944370.1|LKELL@268-272, YP_009111422.1|LCKLL@13-17, YP_009111421.1|LCKLL@13-17, YP_009944300.1|LMALL@40-44, NP_042239.1|LYKLL@156-160"
YP_009944368.1|LAPLL@305-309,2,-4.0359006,0.7171033,False,0.20664271712303162,4.171665668487549,"YP_009944368.1|LAPLL@305-309, YP_010229075.1|LMPLL@1371-1375, YP_009742610.1|LAPLL@327-331, YP_003766.2|LMPLL@1371-1375, YP_001129430.1|LDRLL@79-83"
YP_009944368.1|LKSLL@715-719,2,-3.197823,-1.3851918,False,-0.1440102458000183,4.128114700317383,"YP_009944368.1|LKSLL@715-719, YP_010839405.1|LGDLL@1519-1523, YP_325663.1|LRRLL@2433-2437, YP_010790398.1|LSALL@139-143, YP_010086028.1|LATLL@95-99"
YP_009944367.1|LSNLL@433-437,2,-1.2523798,-0.19383392,False,0.4025658071041107,1.866265058517456,"YP_009944367.1|LSNLL@433-437, YP_009742614.1|LSVLL@56-60, YP_009944372.1|LSVLL@56-60, NP_694846.1|LLDLL@31-35, YP_009137149.1|LRPLL@697-701"
YP_009944300.1|LMALL@40-44,2,-1.9981414,-1.190863,False,0.10029436647891998,3.0986270904541016,"YP_009944300.1|LMALL@40-44, YP_010086029.1|LETLL@73-77, NP_056658.1|LKQLL@9-13, YP_001129418.1|LRDLL@720-724, YP_009944370.1|LKELL@268-272"
YP_009944297.1|LFPLL@45-49,2,1.8109328,5.736167,False,0.5513171553611755,4.962818145751953,"YP_009944297.1|LFPLL@45-49, YP_010229075.1|LVILL@2060-2064, YP_003766.2|LVILL@2060-2064, YP_009194641.1|LIVLL@22-26, YP_495283.1|LMILL@19-23"
YP_009742614.1|LSVLL@56-60,2,-1.2189149,-0.11681376,False,0.41605761647224426,1.789806604385376,"YP_009742614.1|LSVLL@56-60, YP_009944367.1|LSNLL@433-437, YP_009944372.1|LSVLL@56-60, NP_694846.1|LLDLL@31-35, YP_009137149.1|LRPLL@697-701"
YP_009742613.1|LTSLL@19-23,2,3.3319714,4.0951366,False,0.5659820437431335,4.411684989929199,"YP_009742613.1|LTSLL@19-23, NP_047111.2|LKCLL@8-12, YP_009709861.1|LLALL@178-182, YP_003848705.1|LMLLL@679-683, NP_950235.1|LIVLL@823-827"
YP_009742613.1|LFCLL@227-231,2,2.6936836,0.8246187,False,0.5496385097503662,2.584547758102417,"YP_009742613.1|LFCLL@227-231, YP_009163892.1|LQFLL@71-75, YP_009194637.1|LFSLL@3409-3413, YP_009194637.1|LPLLL@1585-1589, YP_009944371.1|LFCLL@227-231"
YP_009742612.1|LKELL@268-272,2,-1.2179611,-1.1903208,False,0.21119071543216705,2.627049446105957,"YP_009742612.1|LKELL@268-272, NP_536616.1|LIMLL@281-285, YP_009944370.1|LKELL@268-272, NP_042239.1|LIMLL@279-283, YP_325663.1|LLELL@849-853"
YP_009742610.1|LAPLL@327-331,2,-4.139331,0.532493,False,0.1721816509962082,4.293918132781982,"YP_009742610.1|LAPLL@327-331, YP_009709863.1|LVGLL@16-20, YP_009944368.1|LAPLL@305-309, YP_009725315.1|LGMLL@1173-1177, YP_009111421.1|LIDLL@606-610"
YP_009742610.1|LKTLL@738-742,2,-2.6966097,-1.2469769,False,-0.030211007222533226,3.6477761268615723,"YP_009742610.1|LKTLL@738-742, YP_009163893.1|LQQLL@244-248, YP_009700102.2|LNRLL@747-751, YP_010086028.1|LATLL@95-99, YP_010795723.1|LKGLL@416-420"
YP_009194641.1|LIVLL@22-26,2,1.692056,5.847968,False,0.5474420785903931,5.029684543609619,"YP_009194641.1|LIVLL@22-26, YP_003766.2|LVILL@2060-2064, YP_495283.1|LMILL@19-23, YP_010229075.1|LVILL@2060-2064, YP_009944297.1|LFPLL@45-49"
YP_009194637.1|LTVLL@762-766,2,-0.91896605,-1.734644,False,0.09292706102132797,2.99118709564209,"YP_009194637.1|LTVLL@762-766, YP_009194638.1|LTVLL@762-766, YP_003766.2|LVKLL@765-769, YP_010229075.1|LVKLL@765-769, NP_789740.1|LCKLL@426-430"
YP_009194637.1|LYRLL@1115-1119,2,1.7631973,-1.0521181,False,0.4162352681159973,2.683438777923584,"YP_009194637.1|LYRLL@1115-1119, YP_717940.1|LHCLL@396-400, YP_009194638.1|LYRLL@1115-1119, NP_740555.1|LMDLL@308-312, NP_690893.1|LTNLL@953-957"
YP_009194637.1|LEVLL@1410-1414,2,-0.9467912,1.0648258,False,0.5333826541900635,1.0676149129867554,"YP_009194637.1|LEVLL@1410-1414, YP_009194638.1|LEVLL@1410-1414, YP_009163895.1|LADLL@38-42, YP_009944271.1|LTYLL@681-685, YP_003766.2|LKKLL@1551-1555"
YP_009194637.1|LPLLL@1585-1589,2,2.6673863,0.7171131,False,0.5455229878425598,2.5709099769592285,"YP_009194637.1|LPLLL@1585-1589, YP_009194638.1|LPLLL@1585-1589, YP_009742613.1|LFCLL@227-231, YP_009163892.1|LQFLL@71-75, YP_009194637.1|LFSLL@3409-3413"
YP_009194637.1|LTFLL@2465-2469,2,-3.229372,1.0307106,False,0.32646429538726807,3.3504137992858887,"YP_009194637.1|LTFLL@2465-2469, YP_009194638.1|LTFLL@2465-2469, YP_010229075.1|LTFLL@2436-2440, YP_003766.2|LTFLL@2436-2440, NP_941982.1|LNRLL@564-568"
YP_009194637.1|LTGLL@2859-2863,2,1.557414,2.7417114,False,0.6123964190483093,2.20418381690979,"YP_009194637.1|LTGLL@2859-2863, NP_835358.1|LTGLL@370-374, YP_009194638.1|LTGLL@2859-2863, NP_056663.1|LTLLL@9-13, NP_694851.1|LMDLL@436-440"
YP_009194637.1|LFSLL@3409-3413,2,2.7892504,0.83726853,False,0.5465236902236938,2.6785695552825928,"YP_009194637.1|LFSLL@3409-3413, YP_009163892.1|LQFLL@71-75, YP_009194638.1|LFSLL@3409-3413, YP_009944371.1|LFCLL@227-231, YP_009742613.1|LFCLL@227-231"
YP_009194637.1|LVMLL@3429-3433,2,2.071609,2.3406317,False,0.604995846748352,2.328111171722412,"YP_009194637.1|LVMLL@3429-3433, YP_009194638.1|LVMLL@3429-3433, YP_009944272.1|LWALL@21-25, YP_009924324.1|LAMLL@54-58, NP_851588.1|LFSLL@19-23"
YP_009194637.1|LLALL@3603-3607,2,0.5281522,-2.0852668,False,0.17337311804294586,3.181457757949829,"YP_009194637.1|LLALL@3603-3607, YP_009194638.1|LLALL@3603-3607, YP_010229075.1|LLALL@3573-3577, YP_003766.2|LLALL@3573-3577, YP_325663.1|LESLL@3728-3732"
YP_009194637.1|LVPLL@5746-5750,2,0.07958042,0.3158321,False,0.5442877411842346,0.7553002238273621,"YP_009194637.1|LVPLL@5746-5750, NP_690895.1|LRPLL@217-221, YP_003766.2|LIPLL@5716-5720, YP_009700102.2|LVSLL@1730-1734, YP_010790402.1|LTPLL@400-404"
YP_009194638.1|LTVLL@762-766,2,-0.94363487,-1.7758162,False,0.07501205801963806,3.038379430770874,"YP_009194638.1|LTVLL@762-766, YP_009194637.1|LTVLL@762-766, YP_003766.2|LVKLL@765-769, YP_010229075.1|LVKLL@765-769, NP_789740.1|LCKLL@426-430"
YP_009194638.1|LYRLL@1115-1119,2,1.6795337,-1.1504974,False,0.4027252197265625,2.7129783630371094,"YP_009194638.1|LYRLL@1115-1119, YP_717940.1|LHCLL@396-400, YP_009194637.1|LYRLL@1115-1119, YP_401715.3|LYALL@670-674, NP_690893.1|LTNLL@953-957"
YP_009194638.1|LEVLL@1410-1414,2,-0.94905883,1.0949748,False,0.5344257950782776,1.0701614618301392,"YP_009194638.1|LEVLL@1410-1414, YP_009194637.1|LEVLL@1410-1414, YP_009163895.1|LADLL@38-42, YP_009944271.1|LTYLL@681-685, YP_003766.2|LKKLL@1551-1555"
YP_009194638.1|LPLLL@1585-1589,2,2.5828297,0.69897175,False,0.5477170348167419,2.4898195266723633,"YP_009194638.1|LPLLL@1585-1589, YP_009194637.1|LPLLL@1585-1589, NP_056663.1|LSYLL@28-32, YP_009742613.1|LFCLL@227-231, YP_010790396.1|LFFLL@179-183"
YP_009194638.1|LTFLL@2465-2469,2,-3.209881,1.033394,False,0.3287539780139923,3.3308935165405273,"YP_009194638.1|LTFLL@2465-2469, YP_009194637.1|LTFLL@2465-2469, YP_010229075.1|LTFLL@2436-2440, YP_003766.2|LTFLL@2436-2440, NP_941982.1|LNRLL@564-568"
YP_009194638.1|LTGLL@2859-2863,2,1.6624153,2.7295425,False,0.6116989850997925,2.2650835514068604,"YP_009194638.1|LTGLL@2859-2863, YP_009194637.1|LTGLL@2859-2863, NP_835358.1|LTGLL@370-374, NP_056663.1|LTLLL@9-13, YP_009944371.1|LTSLL@19-23"
YP_009194638.1|LFSLL@3409-3413,2,2.8752296,0.86400557,False,0.5442134737968445,2.762110948562622,"YP_009194638.1|LFSLL@3409-3413, YP_009194637.1|LFSLL@3409-3413, YP_009944371.1|LFCLL@227-231, YP_009163892.1|LQFLL@71-75, YP_009742613.1|LFCLL@227-231"
YP_009194638.1|LVMLL@3429-3433,2,2.0784242,2.3232453,False,0.6047195196151733,2.324404716491699,"YP_009194638.1|LVMLL@3429-3433, YP_009194637.1|LVMLL@3429-3433, YP_009944272.1|LWALL@21-25, YP_009924324.1|LAMLL@54-58, NP_851588.1|LFSLL@19-23"
YP_009194638.1|LLALL@3603-3607,2,0.59870714,-2.1619706,False,0.16018709540367126,3.267117738723755,"YP_009194638.1|LLALL@3603-3607, YP_009194637.1|LLALL@3603-3607, YP_010229075.1|LLALL@3573-3577, YP_003766.2|LLALL@3573-3577, YP_325663.1|LESLL@3728-3732"
NP_835358.1|LTGLL@370-374,2,1.555091,2.7824929,False,0.6121699213981628,2.233779191970825,"NP_835358.1|LTGLL@370-374, YP_009194637.1|LTGLL@2859-2863, YP_009194638.1|LTGLL@2859-2863, NP_056663.1|LTLLL@9-13, NP_694851.1|LMDLL@436-440"
NP_835357.1|LGILL@651-655,2,-2.9741104,0.52750045,False,0.307333767414093,3.1421093940734863,"NP_835357.1|LGILL@651-655, NP_694872.1|LSTLL@1227-1231, YP_010088058.1|LNRLL@564-568, NP_056797.1|LVSLL@705-709, YP_010084718.1|LNRLL@564-568"
YP_010229075.1|LVKLL@765-769,2,-0.8042137,-1.6564782,False,0.13538186252117157,2.879129648208618,"YP_010229075.1|LVKLL@765-769, YP_003766.2|LVKLL@765-769, NP_789740.1|LCKLL@426-430, YP_001856242.1|LCKLL@279-283, NP_789739.1|LCKLL@279-283"
YP_010229075.1|LTKLL@1073-1077,2,1.4437053,-0.5398259,False,0.48078614473342896,2.0836524963378906,"YP_010229075.1|LTKLL@1073-1077, NP_694845.1|LRTLL@610-614, YP_003766.2|LTKLL@1073-1077, YP_010839405.1|LRTLL@610-614, YP_001531171.3|LTVLL@95-99"
YP_010229075.1|LSELL@1116-1120,2,-0.1313308,-1.9605106,False,0.13479207456111908,3.040987730026245,"YP_010229075.1|LSELL@1116-1120, YP_003766.2|LSELL@1116-1120, NP_694872.1|LFSLL@164-168, NP_740547.1|LKLLL@249-253, YP_325663.1|LESLL@3728-3732"
YP_010229075.1|LMPLL@1371-1375,2,-3.9126568,0.8661579,False,0.23664014041423798,4.038616180419922,"YP_010229075.1|LMPLL@1371-1375, YP_003766.2|LMPLL@1371-1375, YP_001129430.1|LDRLL@79-83, YP_009944368.1|LAPLL@305-309, YP_006355436.1|LNVLL@75-79"
YP_010229075.1|LKKLL@1551-1555,2,-1.0472952,0.77693385,False,0.5120217204093933,1.2043105363845825,"YP_010229075.1|LKKLL@1551-1555, YP_003766.2|LKKLL@1551-1555, YP_009194637.1|LEVLL@1410-1414, YP_009194638.1|LEVLL@1410-1414, YP_009163895.1|LADLL@38-42"
YP_010229075.1|LTWLL@1913-1917,2,1.9540142,2.94262,False,0.6072146892547607,2.620556354522705,"YP_010229075.1|LTWLL@1913-1917, YP_003766.2|LTWLL@1913-1917, YP_009944371.1|LTSLL@19-23, NP_851587.1|LYILL@68-72, YP_009924324.1|LFTLL@74-78"
YP_010229075.1|LVILL@2060-2064,2,1.6979437,5.775472,False,0.5496441125869751,4.962737083435059,"YP_010229075.1|LVILL@2060-2064, YP_003766.2|LVILL@2060-2064, YP_009194641.1|LIVLL@22-26, YP_009944297.1|LFPLL@45-49, YP_495283.1|LMILL@19-23"
YP_010229075.1|LTFLL@2436-2440,2,-3.1724036,1.0388967,False,0.3331323266029358,3.2933616638183594,"YP_010229075.1|LTFLL@2436-2440, YP_009194638.1|LTFLL@2465-2469, YP_009194637.1|LTFLL@2465-2469, YP_003766.2|LTFLL@2436-2440, NP_941982.1|LNRLL@564-568"
YP_010229075.1|LIDLL@2705-2709,2,1.9282941,-1.4129338,False,0.3648653030395508,3.0711536407470703,"YP_010229075.1|LIDLL@2705-2709, YP_003766.2|LIDLL@2705-2709, YP_717936.1|LELLL@33-37, NP_690893.1|LTNLL@953-957, NP_043508.1|LIFLL@29-33"
YP_010229075.1|LLALL@3573-3577,2,0.44990674,-2.1912796,False,0.13746781647205353,3.277848243713379,"YP_010229075.1|LLALL@3573-3577, YP_003766.2|LLALL@3573-3577, YP_009194637.1|LLALL@3603-3607, YP_009194638.1|LLALL@3603-3607, YP_325663.1|LESLL@3728-3732"
YP_003766.2|LVKLL@765-769,2,-0.8539699,-1.7038546,False,0.11308267712593079,2.9401533603668213,"YP_003766.2|LVKLL@765-769, YP_010229075.1|LVKLL@765-769, YP_009194637.1|LTVLL@762-766, YP_009194638.1|LTVLL@762-766, NP_789740.1|LCKLL@426-430"
YP_003766.2|LTKLL@1073-1077,2,1.4033396,-0.48797932,False,0.4866299629211426,2.0179686546325684,"YP_003766.2|LTKLL@1073-1077, YP_010229075.1|LTKLL@1073-1077, NP_694845.1|LRTLL@610-614, YP_010839405.1|LRTLL@610-614, YP_001531171.3|LTVLL@95-99"
YP_003766.2|LSELL@1116-1120,2,-0.09188568,-1.958368,False,0.1404426097869873,3.035834312438965,"YP_003766.2|LSELL@1116-1120, YP_010229075.1|LSELL@1116-1120, NP_694872.1|LFSLL@164-168, NP_740547.1|LKLLL@249-253, YP_325663.1|LESLL@3728-3732"
YP_003766.2|LMPLL@1371-1375,2,-3.8804748,0.8770265,False,0.2413385510444641,4.005937099456787,"YP_003766.2|LMPLL@1371-1375, YP_010229075.1|LMPLL@1371-1375, YP_001129430.1|LDRLL@79-83, YP_009944368.1|LAPLL@305-309, YP_006355436.1|LNVLL@75-79"
YP_003766.2|LKKLL@1551-1555,2,-1.085568,0.8351826,False,0.5124976634979248,1.2290210723876953,"YP_003766.2|LKKLL@1551-1555, YP_010229075.1|LKKLL@1551-1555, YP_009194637.1|LEVLL@1410-1414, YP_009194638.1|LEVLL@1410-1414, YP_009163895.1|LADLL@38-42"
YP_003766.2|LTWLL@1913-1917,2,2.0507576,2.9171884,False,0.6058574914932251,2.6714744567871094,"YP_003766.2|LTWLL@1913-1917, NP_851587.1|LYILL@68-72, YP_010229075.1|LTWLL@1913-1917, YP_009924324.1|LFTLL@74-78, NP_851588.1|LFSLL@19-23"
YP_003766.2|LVILL@2060-2064,2,1.7173805,5.831424,False,0.5480979681015015,5.021965503692627,"YP_003766.2|LVILL@2060-2064, YP_009194641.1|LIVLL@22-26, YP_010229075.1|LVILL@2060-2064, YP_495283.1|LMILL@19-23, YP_009944297.1|LFPLL@45-49"
YP_003766.2|LTFLL@2436-2440,2,-3.2479107,1.1062431,False,0.33014795184135437,3.3689167499542236,"YP_003766.2|LTFLL@2436-2440, YP_009194637.1|LTFLL@2465-2469, YP_009194638.1|LTFLL@2465-2469, YP_010229075.1|LTFLL@2436-2440, NP_941982.1|LNRLL@564-568"
YP_003766.2|LIDLL@2705-2709,2,1.9116082,-1.4385504,False,0.36099544167518616,3.0821759700775146,"YP_003766.2|LIDLL@2705-2709, YP_010229075.1|LIDLL@2705-2709, YP_717936.1|LELLL@33-37, NP_690893.1|LTNLL@953-957, NP_043508.1|LIFLL@29-33"
YP_003766.2|LLALL@3573-3577,2,0.43124083,-2.2039738,False,0.13196010887622833,3.2886641025543213,"YP_003766.2|LLALL@3573-3577, YP_010229075.1|LLALL@3573-3577, YP_009194637.1|LLALL@3603-3607, YP_009194638.1|LLALL@3603-3607, YP_325663.1|LESLL@3728-3732"
YP_003766.2|LIPLL@5716-5720,2,0.1786131,0.26979214,False,0.5440475940704346,0.802298903465271,"YP_003766.2|LIPLL@5716-5720, YP_009194637.1|LVPLL@5746-5750, YP_009700102.2|LVSLL@1730-1734, NP_690895.1|LRPLL@217-221, YP_010790402.1|LTPLL@400-404"
YP_003767.1|LQNLL@705-709,2,1.7072618,0.18313202,False,0.5423638224601746,1.817517876625061,"YP_003767.1|LQNLL@705-709, NP_056921.1|LNRLL@291-295, YP_009513273.1|LRRLL@1230-1234, YP_009513269.1|LNQLL@43-47, YP_010790397.1|LLHLL@468-472"
YP_003767.1|LEDLL@873-877,2,0.37594604,1.0017542,False,0.5886335372924805,0.26410624384880066,"YP_003767.1|LEDLL@873-877, YP_009137226.1|LSCLL@989-993, YP_009137149.1|LSCLL@961-965, NP_859039.1|LASLL@277-281, YP_401715.3|LVHLL@68-72"
YP_003767.1|LLSLL@1310-1314,2,2.8563771,1.3167831,False,0.5616891980171204,2.7466742992401123,"YP_003767.1|LLSLL@1310-1314, YP_009709863.1|LLFLL@338-342, YP_001129514.1|LRLLL@41-45, YP_001129514.1|LFGLL@51-55, YP_001129415.1|LNCLL@110-114"
YP_009924325.1|LAQLL@52-56,2,-0.99212927,0.3220473,False,0.4829339385032654,1.3409247398376465,"YP_009924325.1|LAQLL@52-56, YP_009944275.1|LAQLL@52-56, NP_054711.1|LRSLL@224-228, YP_010229075.1|LKKLL@1551-1555, YP_009137149.1|LRPLL@697-701"
YP_009924324.1|LAMLL@54-58,2,1.9568406,2.5400336,False,0.6080805063247681,2.3520171642303467,"YP_009924324.1|LAMLL@54-58, YP_009944272.1|LWALL@21-25, YP_009194637.1|LVMLL@3429-3433, NP_851588.1|LFSLL@19-23, YP_009194638.1|LVMLL@3429-3433"
YP_009924324.1|LFTLL@74-78,2,2.0378842,2.7935503,False,0.606600284576416,2.577939748764038,"YP_009924324.1|LFTLL@74-78, NP_851588.1|LFSLL@19-23, YP_003766.2|LTWLL@1913-1917, YP_010229075.1|LTWLL@1913-1917, NP_851587.1|LYILL@68-72"
YP_009924323.1|LETLL@259-263,2,-3.880022,-0.5815027,False,-0.004839802160859108,4.328296661376953,"YP_009924323.1|LETLL@259-263, NP_690898.1|LNVLL@471-475, NP_040193.1|LMDLL@22-26, NCOA3|LXXLL|1056-1061, YP_001129426.1|LQKLL@17-21"
YP_009924321.1|LTYLL@552-556,2,-0.67402864,1.3069422,False,0.5580062866210938,0.8294028639793396,"YP_009924321.1|LTYLL@552-556, NCOA3|LXXLL|112-117, NP_044113.1|LDVLL@324-328, YP_009944271.1|LTYLL@681-685, YP_009163895.1|LADLL@38-42"
YP_009924321.1|LFVLL@1297-1301,2,0.27112398,2.4358673,False,0.6031374335289001,1.3741072416305542,"YP_009924321.1|LFVLL@1297-1301, NP_690899.1|LNELL@598-602, NP_694845.1|LSGLL@1352-1356, YP_010839203.1|LNRLL@565-569, YP_010839405.1|LSGLL@1352-1356"
YP_009944275.1|LAQLL@52-56,2,-1.0610282,0.25582206,False,0.4713907539844513,1.4351446628570557,"YP_009944275.1|LAQLL@52-56, YP_009924325.1|LAQLL@52-56, NP_054711.1|LRSLL@224-228, YP_009137149.1|LRPLL@697-701, YP_009742614.1|LSVLL@56-60"
YP_009944272.1|LSNLL@3-7,2,2.2029953,3.096452,False,0.6018301844596863,2.9055073261260986,"YP_009944272.1|LSNLL@3-7, NP_851587.1|LYILL@68-72, YP_003766.2|LTWLL@1913-1917, YP_010229075.1|LTWLL@1913-1917, YP_009924324.1|LFTLL@74-78"
YP_009944272.1|LWALL@21-25,2,2.0382965,2.4135106,False,0.6061230897903442,2.3413145542144775,"YP_009944272.1|LWALL@21-25, YP_009194637.1|LVMLL@3429-3433, YP_009194638.1|LVMLL@3429-3433, YP_009924324.1|LAMLL@54-58, NP_851588.1|LFSLL@19-23"
YP_009944271.1|LTYLL@681-685,2,-0.85149354,1.1155028,False,0.5415691137313843,0.9733686447143555,"YP_009944271.1|LTYLL@681-685, YP_009163895.1|LADLL@38-42, YP_009194638.1|LEVLL@1410-1414, YP_009194637.1|LEVLL@1410-1414, YP_009924321.1|LTYLL@552-556"
YP_009944270.1|LYQLL@421-425,2,-0.32189378,1.4498969,False,0.5784119963645935,0.5833564400672913,"YP_009944270.1|LYQLL@421-425, NP_044113.1|LDVLL@324-328, MED1|LXXLL|603-608, YP_009924321.1|LTYLL@552-556, NCOA1|LXXLL|111-116"
NP_740536.1|LPILL@221-225,2,0.98555183,0.7252825,False,0.5823208689689636,0.9309192895889282,"NP_740536.1|LPILL@221-225, NP_044112.1|LPGLL@330-334, YP_009137510.1|LRALL@1621-1625, NP_056788.1|LSPLL@160-164, NP_051035.1|LRALL@1602-1606"
NP_740547.1|LKLLL@249-253,2,0.048794862,-2.0945823,False,0.1179966852068901,3.16540789604187,"NP_740547.1|LKLLL@249-253, YP_325663.1|LESLL@3728-3732, YP_003766.2|LSELL@1116-1120, YP_010229075.1|LSELL@1116-1120, NP_694872.1|LFSLL@164-168"
NP_740555.1|LMDLL@308-312,2,1.9446063,-1.0477725,False,0.4155270457267761,2.7948551177978516,"NP_740555.1|LMDLL@308-312, YP_009194637.1|LYRLL@1115-1119, YP_009227200.1|LVILL@14-18, YP_717940.1|LHCLL@396-400, NP_690893.1|LTNLL@953-957"
NP_740553.1|LCFLL@159-163,2,0.09856182,-1.440284,False,0.29229357838630676,2.5103888511657715,"NP_740553.1|LCFLL@159-163, NP_054711.1|LSNLL@76-80, YP_010839405.1|LFKLL@164-168, NP_694845.1|LFKLL@164-168, NP_042239.1|LKILL@85-89"
YP_001531173.2|LMILL@60-64,2,2.212731,6.238751,False,0.5364185571670532,5.576025009155273,"YP_001531173.2|LMILL@60-64, NP_776006.1|LAGLL@59-63, NP_955620.2|LVALL@449-453, NP_955621.1|LVALL@137-141, NP_954569.1|LALLL@138-142"
YP_001531171.3|LTVLL@95-99,2,1.540137,-0.68195844,False,0.4639441967010498,2.2547428607940674,"YP_001531171.3|LTVLL@95-99, YP_010839405.1|LRTLL@610-614, NP_694845.1|LRTLL@610-614, YP_010229075.1|LTKLL@1073-1077, YP_003766.2|LTKLL@1073-1077"
YP_009227203.1|LLGLL@57-61,2,2.1682796,5.978033,False,0.5445880889892578,5.31797456741333,"YP_009227203.1|LLGLL@57-61, YP_001531173.2|LMILL@60-64, YP_003848705.1|LFFLL@1173-1177, YP_001129515.1|LCLLL@83-87, NP_955620.2|LVALL@449-453"
YP_009227200.1|LVILL@14-18,2,2.015307,-0.8803399,False,0.43539103865623474,2.7190005779266357,"YP_009227200.1|LVILL@14-18, NP_740555.1|LMDLL@308-312, YP_009194637.1|LYRLL@1115-1119, YP_717940.1|LHCLL@396-400, YP_401699.3|LYYLL@398-402"
YP_009246339.1|LTPLL@52-56,2,1.4756364,3.520189,False,0.6030407547950745,2.799812078475952,"YP_009246339.1|LTPLL@52-56, YP_009246337.1|LTPLL@2325-2329, NP_941978.1|LFSLL@459-463, NP_941987.1|LFSLL@441-445, NP_775673.1|LTPLL@52-56"
YP_009246338.1|LNTLL@75-79,2,-4.2523885,-1.3797067,False,-0.24103674292564392,5.0125813484191895,"YP_009246338.1|LNTLL@75-79, YP_009246337.1|LNTLL@866-870, YP_006485883.2|LNTLL@866-870, YP_009164950.1|LNTLL@862-866, YP_009164952.1|LNTLL@75-79"
YP_009246337.1|LGALL@755-759,2,2.9205024,6.4905467,False,0.5228677988052368,6.100863456726074,"YP_009246337.1|LGALL@755-759, YP_006485883.2|LGALL@755-759, YP_009164950.1|LGALL@751-755, NP_775503.1|LPKLL@455-459, NP_044109.1|LSVLL@172-176"
YP_009246337.1|LNTLL@866-870,2,-4.2353444,-1.3968035,False,-0.2439917027950287,5.006120681762695,"YP_009246337.1|LNTLL@866-870, YP_009246338.1|LNTLL@75-79, YP_006485883.2|LNTLL@866-870, YP_009164950.1|LNTLL@862-866, YP_009164952.1|LNTLL@75-79"
YP_009246337.1|LIALL@1181-1185,2,3.0210035,6.003084,False,0.5361618995666504,5.722444534301758,"YP_009246337.1|LIALL@1181-1185, YP_009246337.1|LIALL@1181-1185, NP_775668.1|LGALL@38-42, NP_775671.1|LIALL@109-113, YP_010809076.1|LAGLL@285-289"
YP_009246337.1|LLALL@1301-1305,2,1.2713143,2.5117571,False,0.6141781210899353,1.8445333242416382,"YP_009246337.1|LLALL@1301-1305, YP_010839406.1|LMDLL@436-440, YP_001129421.1|LTYLL@1836-1840, NP_694851.1|LMDLL@436-440, YP_010086029.1|LRMLL@812-816"
YP_009246337.1|LIALL@1181-1185,2,2.935816,6.042541,False,0.5363904237747192,5.714049339294434,"YP_009246337.1|LIALL@1181-1185, YP_009246337.1|LIALL@1181-1185, NP_775671.1|LIALL@109-113, NP_775668.1|LGALL@38-42, NP_056923.1|LIGLL@49-53"
YP_009246337.1|LLSLL@2233-2237,2,2.4703386,5.718675,False,0.550761878490448,5.208685398101807,"YP_009246337.1|LLSLL@2233-2237, YP_009700102.2|LIVLL@374-378, YP_009173871.1|LGPLL@9-13, YP_717940.1|LLLLL@577-581, YP_001129515.1|LCLLL@83-87"
YP_009246337.1|LTPLL@2325-2329,2,1.5005187,3.485283,False,0.6036431789398193,2.781574010848999,"YP_009246337.1|LTPLL@2325-2329, YP_009246339.1|LTPLL@52-56, NP_941978.1|LFSLL@459-463, NP_941987.1|LFSLL@441-445, NP_775673.1|LTPLL@52-56"
YP_006485883.2|LGALL@755-759,2,2.9074554,6.506528,False,0.5225192308425903,6.109104156494141,"YP_006485883.2|LGALL@755-759, YP_009246337.1|LGALL@755-759, YP_009164950.1|LGALL@751-755, NP_775503.1|LPKLL@455-459, NP_044109.1|LSVLL@172-176"
YP_006485883.2|LNTLL@866-870,2,-4.296201,-1.4146018,False,-0.2522912919521332,5.067867279052734,"YP_006485883.2|LNTLL@866-870, YP_009246338.1|LNTLL@75-79, YP_009246337.1|LNTLL@866-870, YP_009164950.1|LNTLL@862-866, YP_009164952.1|LNTLL@75-79"
YP_009164952.1|LNTLL@75-79,2,-4.1519446,-1.365573,False,-0.2305063009262085,4.918179512023926,"YP_009164952.1|LNTLL@75-79, YP_009164950.1|LNTLL@862-866, YP_009246337.1|LNTLL@866-870, YP_073826.1|LSELL@394-398, YP_009246338.1|LNTLL@75-79"
YP_009164950.1|LGALL@751-755,2,2.9737253,6.545073,False,0.5204070806503296,6.173773288726807,"YP_009164950.1|LGALL@751-755, NP_775503.1|LPKLL@455-459, YP_009246337.1|LGALL@755-759, YP_006485883.2|LGALL@755-759, NP_044109.1|LSVLL@172-176"
YP_009164950.1|LNTLL@862-866,2,-4.168497,-1.3556528,False,-0.22927571833133698,4.927675724029541,"YP_009164950.1|LNTLL@862-866, YP_009164952.1|LNTLL@75-79, YP_009246337.1|LNTLL@866-870, YP_009246338.1|LNTLL@75-79, YP_073826.1|LSELL@394-398"
NP_776008.1|LYLLL@173-177,2,3.0953116,4.9501863,False,0.5598305463790894,4.889115333557129,"NP_776008.1|LYLLL@173-177, YP_010806445.1|LMALL@375-379, YP_001129415.1|LFVLL@271-275, YP_010775805.1|LMALL@709-713, NP_775508.1|LASLL@88-92"
NP_776006.1|LAGLL@59-63,2,2.3233564,6.3003755,False,0.5341579914093018,5.675206661224365,"NP_776006.1|LAGLL@59-63, NP_955621.1|LVALL@137-141, NP_955620.2|LVALL@449-453, YP_001531173.2|LMILL@60-64, YP_009137510.1|LLLLL@337-341"
NP_776003.1|LLDLL@48-52,2,1.7873335,3.8966963,False,0.5952414274215698,3.2813830375671387,"NP_776003.1|LLDLL@48-52, NP_775673.1|LTPLL@52-56, YP_009246339.1|LTPLL@52-56, NP_941978.1|LFSLL@459-463, YP_009246337.1|LTPLL@2325-2329"
NP_776003.1|LMALL@151-155,2,4.062525,4.623923,False,0.5374983549118042,5.307299613952637,"NP_776003.1|LMALL@151-155, YP_717938.1|LPLLL@176-180, YP_717937.1|LPLLL@295-299, NP_043509.1|LPLLL@296-300, NP_043510.1|LPLLL@177-181"
YP_009709868.1|LVNLL@168-172,2,-0.4755086,0.22117934,False,0.5096389055252075,1.0373544692993164,"YP_009709868.1|LVNLL@168-172, NP_041004.1|LSALL@83-87, NP_054711.1|LRSLL@224-228, NP_690899.1|LAILL@557-561, NP_690892.1|LIELL@469-473"
YP_009709864.1|LLLLL@50-54,2,3.4547758,5.034547,False,0.5495442748069763,5.18004846572876,"YP_009709864.1|LLLLL@50-54, NP_775508.1|LASLL@88-92, NP_775502.1|LVVLL@64-68, YP_010775805.1|LMALL@709-713, YP_010806445.1|LMALL@375-379"
YP_009709863.1|LVGLL@16-20,2,-4.3213506,0.5650252,False,0.15518692135810852,4.470772743225098,"YP_009709863.1|LVGLL@16-20, YP_009742610.1|LAPLL@327-331, YP_009725315.1|LGMLL@1173-1177, YP_010839404.1|LNLLL@55-59, YP_009111421.1|LIDLL@606-610"
YP_009709863.1|LSPLL@279-283,2,0.64549434,-0.020630334,False,0.5303010940551758,1.2102811336517334,"YP_009709863.1|LSPLL@279-283, NP_690897.1|LQSLL@358-362, YP_001129421.1|LTPLL@2064-2068, NCOA1|LXXLL|912-917, NP_056797.1|LMVLL@257-261"
YP_009709863.1|LLFLL@338-342,2,2.8072307,1.1012621,False,0.5564150810241699,2.686601400375366,"YP_009709863.1|LLFLL@338-342, YP_001129415.1|LNCLL@110-114, YP_009944371.1|LFCLL@227-231, YP_003767.1|LLSLL@1310-1314, YP_009194638.1|LFSLL@3409-3413"
YP_009709862.1|LVVLL@181-185,2,3.0205672,5.31877,False,0.5536720752716064,5.143984794616699,"YP_009709862.1|LVVLL@181-185, YP_009118626.1|LVVLL@5-9, NP_775501.1|LVVLL@157-161, NP_775502.1|LVVLL@64-68, NP_044109.1|LFALL@17-21"
YP_009709861.1|LLALL@178-182,2,3.354455,4.217256,False,0.564121663570404,4.512386798858643,"YP_009709861.1|LLALL@178-182, YP_003848705.1|LMLLL@679-683, YP_009742613.1|LTSLL@19-23, NP_047111.2|LKCLL@8-12, YP_010086028.1|LLALL@8-12"
YP_006355436.1|LNVLL@75-79,2,-3.7346892,0.5899192,False,0.22653333842754364,3.8852756023406982,"YP_006355436.1|LNVLL@75-79, YP_006355435.1|LNVLL@869-873, YP_003766.2|LMPLL@1371-1375, YP_009944368.1|LAPLL@305-309, YP_010229075.1|LMPLL@1371-1375"
YP_006355435.1|LNVLL@869-873,2,-3.741535,0.57159853,False,0.22352562844753265,3.894371271133423,"YP_006355435.1|LNVLL@869-873, YP_006355436.1|LNVLL@75-79, YP_009944368.1|LAPLL@305-309, YP_003766.2|LMPLL@1371-1375, YP_010229075.1|LMPLL@1371-1375"
NP_775673.1|LTPLL@52-56,2,1.6064895,3.6580758,False,0.6003934144973755,2.984182357788086,"NP_775673.1|LTPLL@52-56, YP_009246339.1|LTPLL@52-56, NP_941978.1|LFSLL@459-463, YP_009246337.1|LTPLL@2325-2329, NP_941987.1|LFSLL@441-445"
NP_775671.1|LIALL@109-113,2,2.7791574,6.009476,False,0.5395179390907288,5.609382629394531,"NP_775671.1|LIALL@109-113, YP_009246337.1|LIALL@1181-1185, NP_056923.1|LIGLL@49-53, YP_009246337.1|LIALL@1181-1185, YP_010790405.1|LYALL@256-260"
NP_775668.1|LGALL@38-42,2,3.05819,5.843592,False,0.5399581789970398,5.6049370765686035,"NP_775668.1|LGALL@38-42, YP_010809076.1|LAGLL@285-289, YP_010801282.1|LAGLL@285-289, YP_009246337.1|LIALL@1181-1185, YP_009246337.1|LIALL@1181-1185"
NP_775508.1|LASLL@88-92,2,3.2126014,5.0715117,False,0.5549299716949463,5.056798934936523,"NP_775508.1|LASLL@88-92, NP_775502.1|LVVLL@64-68, NP_775501.1|LVVLL@157-161, NP_776008.1|LYLLL@173-177, YP_010806445.1|LMALL@375-379"
NP_775505.1|LAGLL@204-208,2,0.2925694,0.7130991,False,0.5751404166221619,0.3960852026939392,"NP_775505.1|LAGLL@204-208, NP_056793.1|LVGLL@140-144, YP_001129515.1|LPTLL@344-348, YP_009137226.1|LSCLL@989-993, NP_859039.1|LASLL@277-281"
NP_775503.1|LPKLL@455-459,2,3.000543,6.594751,False,0.5184316039085388,6.230221748352051,"NP_775503.1|LPKLL@455-459, YP_009164950.1|LGALL@751-755, YP_006485883.2|LGALL@755-759, YP_009246337.1|LGALL@755-759, NP_044109.1|LSVLL@172-176"
NP_775502.1|LVVLL@64-68,2,3.1521146,5.113806,False,0.5554419755935669,5.053821563720703,"NP_775502.1|LVVLL@64-68, NP_775508.1|LASLL@88-92, NP_775501.1|LVVLL@157-161, NP_776008.1|LYLLL@173-177, YP_010806445.1|LMALL@375-379"
NP_775501.1|LVVLL@157-161,2,3.12318,5.1824327,False,0.5546315312385559,5.091784477233887,"NP_775501.1|LVVLL@157-161, NP_775502.1|LVVLL@64-68, NP_775508.1|LASLL@88-92, YP_009709862.1|LVVLL@181-185, NP_776008.1|LYLLL@173-177"
YP_010809076.1|LAGLL@285-289,2,3.088997,5.735261,False,0.5422791242599487,5.529441833496094,"YP_010809076.1|LAGLL@285-289, YP_010801282.1|LAGLL@285-289, NP_775668.1|LGALL@38-42, NP_044109.1|LFALL@17-21, YP_009246337.1|LIALL@1181-1185"
YP_010801282.1|LAGLL@285-289,2,3.1425061,5.7379494,False,0.5411728620529175,5.560605525970459,"YP_010801282.1|LAGLL@285-289, YP_010809076.1|LAGLL@285-289, NP_775668.1|LGALL@38-42, NP_044109.1|LFALL@17-21, YP_009246337.1|LIALL@1181-1185"
YP_010806445.1|LMALL@375-379,2,3.11395,4.927655,False,0.5598544478416443,4.882656574249268,"YP_010806445.1|LMALL@375-379, YP_001129415.1|LFVLL@271-275, NP_776008.1|LYLLL@173-177, YP_010775805.1|LMALL@709-713, NP_775508.1|LASLL@88-92"
YP_010775805.1|LMALL@709-713,2,3.1508737,4.8874245,False,0.5597481727600098,4.873803615570068,"YP_010775805.1|LMALL@709-713, YP_001129415.1|LFVLL@271-275, YP_010806445.1|LMALL@375-379, NP_776008.1|LYLLL@173-177, NP_775508.1|LASLL@88-92"
NP_056797.1|LMVLL@257-261,2,0.8450541,-0.037162367,False,0.5309132933616638,1.3230079412460327,"NP_056797.1|LMVLL@257-261, YP_001129421.1|LTPLL@2064-2068, YP_009709863.1|LSPLL@279-283, NCOA1|LXXLL|912-917, NP_690897.1|LQSLL@358-362"
NP_056797.1|LVSLL@705-709,2,-2.8582675,0.7797151,False,0.34516826272010803,2.9931888580322266,"NP_056797.1|LVSLL@705-709, YP_009345598.1|LLMLL@138-142, YP_010084718.1|LNRLL@564-568, YP_010088058.1|LNRLL@564-568, NP_941982.1|LNRLL@564-568"
NP_056793.1|LVGLL@140-144,2,0.38644436,0.73726904,False,0.578212320804596,0.42576393485069275,"NP_056793.1|LVGLL@140-144, NP_775505.1|LAGLL@204-208, YP_001129515.1|LPTLL@344-348, YP_009137226.1|LSCLL@989-993, YP_003767.1|LEDLL@873-877"
NP_056924.1|LDLLL@1577-1581,2,1.11331,-1.1869658,False,0.39021310210227966,2.465557813644409,"NP_056924.1|LDLLL@1577-1581, YP_009121767.1|LLVLL@98-102, YP_009118626.1|LLVLL@442-446, YP_401715.3|LYALL@670-674, YP_009194638.1|LYRLL@1115-1119"
NP_056923.1|LIGLL@49-53,2,2.6889348,6.156835,False,0.5361717939376831,5.698340892791748,"NP_056923.1|LIGLL@49-53, YP_010790405.1|LYALL@256-260, NP_044109.1|LSVLL@172-176, NP_044108.1|LTTLL@365-369, NP_775671.1|LIALL@109-113"
NP_056921.1|LNRLL@291-295,2,1.7431396,0.16476785,False,0.5403732657432556,1.8577959537506104,"NP_056921.1|LNRLL@291-295, YP_003767.1|LQNLL@705-709, YP_009513269.1|LNQLL@43-47, YP_009513273.1|LRRLL@1230-1234, YP_010790397.1|LLHLL@468-472"
NP_056919.1|LESLL@336-340,2,-3.781188,-1.3904676,False,-0.20685571432113647,4.612974166870117,"NP_056919.1|LESLL@336-340, NCOA1|LXXLL|45-50, YP_325663.1|LKKLL@1972-1976, NP_663784.1|LKELL@816-820, NP_694845.1|LGDLL@1519-1523"
NP_056919.1|LMTLL@481-485,2,-2.2577307,-0.30150962,False,0.27638930082321167,2.745635986328125,"NP_056919.1|LMTLL@481-485, NP_043513.1|LMDLL@13-17, NP_043512.1|LMDLL@13-17, YP_717940.1|LMDLL@13-17, YP_717941.1|LMDLL@13-17"
NP_054714.1|LPSLL@1757-1761,2,0.19532435,-0.6461265,False,0.4426596164703369,1.7177494764328003,"NP_054714.1|LPSLL@1757-1761, CBP|LXXLL|357-362, MED1|LXXLL|644-649, PGC1alpha|LXXLL|143-148, NCOA2|LXXLL|689-694"
NP_054712.1|LLILL@14-18,2,1.608536,5.682387,False,0.551733672618866,4.846378326416016,"NP_054712.1|LLILL@14-18, YP_010229075.1|LVILL@2060-2064, YP_003766.2|LVILL@2060-2064, YP_009194641.1|LIVLL@22-26, YP_009944297.1|LFPLL@45-49"
NP_054711.1|LSNLL@76-80,2,0.015818264,-1.4503781,False,0.2831355929374695,2.5225701332092285,"NP_054711.1|LSNLL@76-80, NP_740553.1|LCFLL@159-163, YP_010839405.1|LFKLL@164-168, NP_694845.1|LFKLL@164-168, NP_042239.1|LKILL@85-89"
NP_054711.1|LRSLL@224-228,2,-0.7353594,0.2040499,False,0.49108758568763733,1.2177472114562988,"NP_054711.1|LRSLL@224-228, YP_009709868.1|LVNLL@168-172, YP_009924325.1|LAQLL@52-56, YP_009944275.1|LAQLL@52-56, NP_041004.1|LSALL@83-87"
YP_009513269.1|LNQLL@43-47,2,1.909833,0.11940951,False,0.5334377288818359,2.025890588760376,"YP_009513269.1|LNQLL@43-47, YP_001129500.1|LTKLL@46-50, NP_056921.1|LNRLL@291-295, YP_003767.1|LQNLL@705-709, YP_010790397.1|LLHLL@468-472"
YP_009513273.1|LRRLL@1230-1234,2,1.7616446,0.35226318,False,0.5523867011070251,1.790946364402771,"YP_009513273.1|LRRLL@1230-1234, YP_003767.1|LQNLL@705-709, NP_056921.1|LNRLL@291-295, YP_009513269.1|LNQLL@43-47, YP_004928152.1|LQNLL@49-53"
YP_010839203.1|LNRLL@565-569,2,0.1549793,2.4306438,False,0.6001545190811157,1.3610665798187256,"YP_010839203.1|LNRLL@565-569, NP_690899.1|LNELL@598-602, NP_694845.1|LSGLL@1352-1356, YP_010839405.1|LSGLL@1352-1356, NP_057861.1|LASLL@68-72"
YP_010839202.1|LSILL@1121-1125,2,2.9751132,3.6246374,False,0.5797525644302368,3.8305587768554688,"YP_010839202.1|LSILL@1121-1125, NP_950235.1|LIVLL@823-827, NP_044107.1|LRLLL@18-22, NP_047111.2|LKCLL@8-12, YP_009742613.1|LTSLL@19-23"
YP_010088058.1|LNRLL@564-568,2,-3.0049765,0.7872701,False,0.33014070987701416,3.1385488510131836,"YP_010088058.1|LNRLL@564-568, YP_010084718.1|LNRLL@564-568, NP_941982.1|LNRLL@564-568, YP_009345598.1|LLMLL@138-142, NP_056797.1|LVSLL@705-709"
YP_009362034.1|LNRLL@564-568,2,1.8647246,-0.31156284,False,0.4987350106239319,2.2248520851135254,"YP_009362034.1|LNRLL@564-568, YP_010086033.1|LSDLL@28-32, YP_325663.1|LAFLL@3695-3699, YP_010790397.1|LLHLL@468-472, YP_401699.3|LYYLL@398-402"
YP_010084718.1|LNRLL@564-568,2,-2.9841554,0.82901525,False,0.3361101746559143,3.114304780960083,"YP_010084718.1|LNRLL@564-568, YP_010088058.1|LNRLL@564-568, NP_941982.1|LNRLL@564-568, YP_009345598.1|LLMLL@138-142, NP_056797.1|LVSLL@705-709"
YP_010084718.1|LNKLL@797-801,2,-2.2300484,-0.97854817,False,0.12837259471416473,3.1181912422180176,"YP_010084718.1|LNKLL@797-801, NP_056660.1|LAVLL@459-463, NP_056658.1|LKQLL@9-13, YP_010086029.1|LETLL@73-77, YP_009725315.1|LMALL@1677-1681"
NP_941982.1|LNRLL@564-568,2,-3.0289607,0.8896883,False,0.3364648222923279,3.1549291610717773,"NP_941982.1|LNRLL@564-568, YP_010084718.1|LNRLL@564-568, YP_010088058.1|LNRLL@564-568, YP_009345598.1|LLMLL@138-142, NP_056797.1|LVSLL@705-709"
NP_941987.1|LFSLL@441-445,2,1.4108509,3.5294724,False,0.6027597188949585,2.7772605419158936,"NP_941987.1|LFSLL@441-445, NP_941978.1|LFSLL@459-463, YP_009246339.1|LTPLL@52-56, YP_009246337.1|LTPLL@2325-2329, NP_775673.1|LTPLL@52-56"
NP_941978.1|LFSLL@459-463,2,1.439694,3.5530195,False,0.6023991703987122,2.811548948287964,"NP_941978.1|LFSLL@459-463, NP_941987.1|LFSLL@441-445, YP_009246339.1|LTPLL@52-56, YP_009246337.1|LTPLL@2325-2329, NP_775673.1|LTPLL@52-56"
YP_004928152.1|LQNLL@49-53,2,1.9337654,0.6183021,False,0.5633041262626648,1.8683788776397705,"YP_004928152.1|LQNLL@49-53, YP_009513273.1|LRRLL@1230-1234, YP_010839405.1|LRPLL@1672-1676, NP_694845.1|LRPLL@1672-1676, NP_690900.1|LCGLL@66-70"
YP_325663.1|LLELL@849-853,2,-1.391402,-1.6893059,False,0.02943841926753521,3.1465206146240234,"YP_325663.1|LLELL@849-853, YP_009111421.1|LCKLL@13-17, YP_009111422.1|LCKLL@13-17, YP_009194638.1|LTVLL@762-766, YP_009194637.1|LTVLL@762-766"
YP_325663.1|LKKLL@1972-1976,2,-3.8734953,-1.3833476,False,-0.21304045617580414,4.687582492828369,"YP_325663.1|LKKLL@1972-1976, NCOA1|LXXLL|45-50, NP_056919.1|LESLL@336-340, YP_073826.1|LSELL@394-398, NP_663784.1|LKELL@816-820"
YP_325663.1|LRRLL@2433-2437,2,-3.256691,-1.2728854,False,-0.1165829598903656,4.110555171966553,"YP_325663.1|LRRLL@2433-2437, NP_694872.1|LTELL@1341-1345, YP_009944368.1|LKSLL@715-719, YP_010839405.1|LGDLL@1519-1523, YP_010790398.1|LSALL@139-143"
YP_325663.1|LTDLL@3318-3322,2,-2.4500446,-1.8104683,False,-0.18680867552757263,3.8608851432800293,"YP_325663.1|LTDLL@3318-3322, NP_694872.1|LCELL@1529-1533, NP_044110.1|LRHLL@13-17, NCOA2|LXXLL|744-749, NCOA3|LXXLL|737-742"
YP_325663.1|LAFLL@3695-3699,2,1.9391258,-0.4831063,False,0.48054563999176025,2.3913230895996094,"YP_325663.1|LAFLL@3695-3699, YP_401699.3|LYYLL@398-402, YP_009362034.1|LNRLL@564-568, YP_010086033.1|LSDLL@28-32, YP_009227200.1|LVILL@14-18"
YP_325663.1|LESLL@3728-3732,2,0.15749529,-2.0798159,False,0.13563194870948792,3.1500356197357178,"YP_325663.1|LESLL@3728-3732, NP_740547.1|LKLLL@249-253, YP_003766.2|LSELL@1116-1120, YP_003766.2|LLALL@3573-3577, YP_010229075.1|LSELL@1116-1120"
NP_950235.1|LIVLL@823-827,2,3.1603937,3.8935044,False,0.572590708732605,4.148638725280762,"NP_950235.1|LIVLL@823-827, NP_047111.2|LKCLL@8-12, YP_009742613.1|LTSLL@19-23, YP_010839202.1|LSILL@1121-1125, YP_009709861.1|LLALL@178-182"
NP_694872.1|LFSLL@164-168,2,-0.17851923,-1.8417802,False,0.16336269676685333,2.927131414413452,"NP_694872.1|LFSLL@164-168, YP_010229075.1|LSELL@1116-1120, YP_003766.2|LSELL@1116-1120, NP_740547.1|LKLLL@249-253, NP_694845.1|LFKLL@164-168"
NP_694872.1|LSTLL@1227-1231,2,-2.7980723,0.4058131,False,0.3135637640953064,2.9934985637664795,"NP_694872.1|LSTLL@1227-1231, NP_835357.1|LGILL@651-655, YP_001129421.1|LDLLL@64-68, NP_056797.1|LVSLL@705-709, YP_010088058.1|LNRLL@564-568"
NP_694872.1|LTELL@1341-1345,2,-3.33439,-1.1815716,False,-0.09863663464784622,4.124077796936035,"NP_694872.1|LTELL@1341-1345, YP_401715.3|LGHLL@224-228, YP_325663.1|LRRLL@2433-2437, YP_001129421.1|LDTLL@516-520, NCOA3|LXXLL|1056-1061"
NP_694872.1|LCELL@1529-1533,2,-2.4447064,-1.6506256,False,-0.13153688609600067,3.739480972290039,"NP_694872.1|LCELL@1529-1533, YP_325663.1|LTDLL@3318-3322, NP_044110.1|LRHLL@13-17, YP_001129418.1|LRDLL@720-724, NCOA2|LXXLL|744-749"
NP_694871.1|LTLLL@54-58,2,-4.255166,0.2175496,False,0.11262403428554535,4.458235263824463,"NP_694871.1|LTLLL@54-58, NP_536615.1|LEILL@278-282, YP_009111421.1|LIDLL@606-610, NP_955619.1|LKTLL@984-988, NP_057860.1|LKTLL@1329-1333"
YP_010839406.1|LMDLL@436-440,2,1.3034136,2.4823756,False,0.614215075969696,1.842100977897644,"YP_010839406.1|LMDLL@436-440, YP_009246337.1|LLALL@1301-1305, YP_001129421.1|LTYLL@1836-1840, NP_694851.1|LMDLL@436-440, YP_010086029.1|LRMLL@812-816"
YP_010839405.1|LFKLL@164-168,2,0.11886033,-1.525206,False,0.2747969329357147,2.595212697982788,"YP_010839405.1|LFKLL@164-168, NP_694845.1|LFKLL@164-168, NP_740553.1|LCFLL@159-163, NP_054711.1|LSNLL@76-80, NP_042239.1|LKILL@85-89"
YP_010839405.1|LRTLL@610-614,2,1.4709551,-0.6058067,False,0.47319692373275757,2.1520309448242188,"YP_010839405.1|LRTLL@610-614, NP_694845.1|LRTLL@610-614, YP_010229075.1|LTKLL@1073-1077, YP_001531171.3|LTVLL@95-99, YP_003766.2|LTKLL@1073-1077"
YP_010839405.1|LSGLL@1352-1356,2,0.16961835,2.520168,False,0.599964439868927,1.4509830474853516,"YP_010839405.1|LSGLL@1352-1356, NP_057861.1|LASLL@68-72, YP_010839203.1|LNRLL@565-569, NP_057860.1|LASLL@68-72, NP_690899.1|LNELL@598-602"
YP_010839405.1|LGDLL@1519-1523,2,-3.295036,-1.4193922,False,-0.16580480337142944,4.226714611053467,"YP_010839405.1|LGDLL@1519-1523, YP_010790398.1|LSALL@139-143, YP_009944368.1|LKSLL@715-719, YP_325663.1|LRRLL@2433-2437, NP_694872.1|LTELL@1341-1345"
YP_010839405.1|LRPLL@1672-1676,2,2.158109,0.24574885,False,0.5354920029640198,2.1977219581604004,"YP_010839405.1|LRPLL@1672-1676, NP_694845.1|LRPLL@1672-1676, YP_001129500.1|LTKLL@46-50, YP_009513269.1|LNQLL@43-47, YP_009513273.1|LRRLL@1230-1234"
YP_010839404.1|LNLLL@55-59,2,-4.341944,0.3384701,False,0.12121745944023132,4.52231502532959,"YP_010839404.1|LNLLL@55-59, YP_009725315.1|LGMLL@1173-1177, YP_009111421.1|LIDLL@606-610, NP_955619.1|LKTLL@984-988, NP_057860.1|LKTLL@1329-1333"
NP_694851.1|LMDLL@436-440,2,1.3511275,2.5719507,False,0.6138989925384521,1.9415240287780762,"NP_694851.1|LMDLL@436-440, YP_009246337.1|LLALL@1301-1305, YP_010839406.1|LMDLL@436-440, YP_001129421.1|LTYLL@1836-1840, YP_010086029.1|LRMLL@812-816"
NP_694846.1|LLDLL@31-35,2,-1.0648245,-0.290962,False,0.4061160981655121,1.8049837350845337,"NP_694846.1|LLDLL@31-35, YP_009944372.1|LSVLL@56-60, YP_009944367.1|LSNLL@433-437, YP_009742614.1|LSVLL@56-60, NP_047110.2|LHHLL@135-139"
NP_694845.1|LFKLL@164-168,2,0.13399647,-1.5831817,False,0.2625757157802582,2.6532204151153564,"NP_694845.1|LFKLL@164-168, YP_010839405.1|LFKLL@164-168, NP_740553.1|LCFLL@159-163, NP_054711.1|LSNLL@76-80, NP_047113.3|LNRLL@1173-1177"
NP_694845.1|LRTLL@610-614,2,1.4836415,-0.57161,False,0.47704148292541504,2.1335909366607666,"NP_694845.1|LRTLL@610-614, YP_010839405.1|LRTLL@610-614, YP_010229075.1|LTKLL@1073-1077, YP_003766.2|LTKLL@1073-1077, YP_001531171.3|LTVLL@95-99"
NP_694845.1|LSGLL@1352-1356,2,0.23518093,2.4054255,False,0.6024213433265686,1.3403079509735107,"NP_694845.1|LSGLL@1352-1356, NP_690899.1|LNELL@598-602, YP_009924321.1|LFVLL@1297-1301, YP_010839203.1|LNRLL@565-569, YP_010839405.1|LSGLL@1352-1356"
NP_694845.1|LGDLL@1519-1523,2,-3.5181525,-1.2931026,False,-0.15330921113491058,4.338932991027832,"NP_694845.1|LGDLL@1519-1523, NP_663784.1|LKELL@816-820, NP_694872.1|LTELL@1341-1345, YP_401715.3|LGHLL@224-228, YP_010790398.1|LSALL@139-143"
NP_694845.1|LRPLL@1672-1676,2,2.2259223,0.2875614,False,0.5361618995666504,2.245821237564087,"NP_694845.1|LRPLL@1672-1676, YP_010839405.1|LRPLL@1672-1676, YP_001129500.1|LTKLL@46-50, YP_009513269.1|LNQLL@43-47, NP_056663.1|LSYLL@28-32"
YP_010086033.1|LSDLL@28-32,2,1.8981576,-0.2830861,False,0.5006814002990723,2.233790159225464,"YP_010086033.1|LSDLL@28-32, YP_009362034.1|LNRLL@564-568, YP_325663.1|LAFLL@3695-3699, YP_010790397.1|LLHLL@468-472, YP_401699.3|LYYLL@398-402"
YP_010086029.1|LETLL@73-77,2,-2.0968137,-1.0778204,False,0.11959762871265411,3.0872349739074707,"YP_010086029.1|LETLL@73-77, NP_056658.1|LKQLL@9-13, YP_009944300.1|LMALL@40-44, YP_010084718.1|LNKLL@797-801, NP_056660.1|LAVLL@459-463"
YP_010086029.1|LRMLL@812-816,2,1.17459,2.423196,False,0.6142221093177795,1.7151013612747192,"YP_010086029.1|LRMLL@812-816, YP_001129421.1|LTYLL@1836-1840, YP_009246337.1|LLALL@1301-1305, YP_010839406.1|LMDLL@436-440, NP_694851.1|LMDLL@436-440"
YP_010086028.1|LLALL@8-12,2,3.2977662,4.422935,False,0.5631885528564453,4.619001388549805,"YP_010086028.1|LLALL@8-12, YP_003848705.1|LMLLL@679-683, YP_009709861.1|LLALL@178-182, YP_009742613.1|LTSLL@19-23, NP_047111.2|LKCLL@8-12"
YP_010086028.1|LATLL@95-99,2,-3.04885,-1.3451409,False,-0.11286820471286774,3.9849326610565186,"YP_010086028.1|LATLL@95-99, YP_009944368.1|LKSLL@715-719, YP_010795723.1|LKGLL@416-420, YP_325663.1|LRRLL@2433-2437, YP_010839405.1|LGDLL@1519-1523"
NP_690901.1|LKDLL@133-137,2,-0.41455874,0.99890524,False,0.5618681907653809,0.5400707125663757,"NP_690901.1|LKDLL@133-137, NCOA1|LXXLL|111-116, NCOA3|LXXLL|112-117, YP_001129421.1|LETLL@1016-1020, NP_044113.1|LDVLL@324-328"
NP_690900.1|LCGLL@66-70,2,2.2770433,0.9235463,False,0.5678039193153381,2.161200523376465,"NP_690900.1|LCGLL@66-70, YP_010790396.1|LFFLL@179-183, YP_009194638.1|LPLLL@1585-1589, NP_056663.1|LSYLL@28-32, YP_009742613.1|LFCLL@227-231"
NP_690899.1|LAILL@557-561,2,-0.5116687,0.5247778,False,0.5315362215042114,0.835047721862793,"NP_690899.1|LAILL@557-561, YP_401715.3|LSELL@275-279, NP_690892.1|LIELL@469-473, YP_009709868.1|LVNLL@168-172, YP_073829.1|LRVLL@173-177"
NP_690899.1|LNELL@598-602,2,0.23449978,2.4421265,False,0.6022189259529114,1.3768222332000732,"NP_690899.1|LNELL@598-602, NP_694845.1|LSGLL@1352-1356, YP_009924321.1|LFVLL@1297-1301, YP_010839203.1|LNRLL@565-569, YP_010839405.1|LSGLL@1352-1356"
NP_690898.1|LNVLL@471-475,2,-3.5615609,-0.820281,False,-0.024525132030248642,4.139208793640137,"NP_690898.1|LNVLL@471-475, NP_040193.1|LMDLL@22-26, YP_001129426.1|LQKLL@17-21, NCOA3|LXXLL|1056-1061, NP_044111.1|LRNLL@11-15"
NP_690897.1|LQSLL@358-362,2,0.5982877,-0.03679062,False,0.5280418395996094,1.205397367477417,"NP_690897.1|LQSLL@358-362, YP_009709863.1|LSPLL@279-283, YP_001129421.1|LTPLL@2064-2068, NCOA1|LXXLL|912-917, NP_056843.1|LLRLL@16-20"
NP_690896.1|LAALL@328-332,2,-0.027226826,1.0079701,False,0.5783246755599976,0.1605108678340912,"NP_690896.1|LAALL@328-332, YP_401715.3|LVHLL@68-72, YP_009118631.1|LASLL@277-281, NP_859039.1|LASLL@277-281, YP_009137226.1|LSCLL@989-993"
NP_690895.1|LRPLL@217-221,2,0.008279009,0.27535614,False,0.5384395122528076,0.8025783896446228,"NP_690895.1|LRPLL@217-221, YP_009194637.1|LVPLL@5746-5750, YP_010790402.1|LTPLL@400-404, YP_003766.2|LIPLL@5716-5720, YP_009700102.2|LVSLL@1730-1734"
NP_690893.1|LCHLL@601-605,2,1.2252357,0.46925884,False,0.5675161480903625,1.2572393417358398,"NP_690893.1|LCHLL@601-605, NP_051035.1|LRALL@1602-1606, YP_009137510.1|LRALL@1621-1625, NP_044112.1|LPGLL@330-334, NP_740536.1|LPILL@221-225"
NP_690893.1|LTNLL@953-957,2,1.8225031,-1.2424424,False,0.38970503211021423,2.8710927963256836,"NP_690893.1|LTNLL@953-957, YP_009194638.1|LYRLL@1115-1119, YP_009194637.1|LYRLL@1115-1119, YP_010229075.1|LIDLL@2705-2709, YP_717940.1|LHCLL@396-400"
NP_690892.1|LIELL@469-473,2,-0.38482165,0.6113823,False,0.5441417694091797,0.6826422214508057,"NP_690892.1|LIELL@469-473, NP_690899.1|LAILL@557-561, YP_073829.1|LRVLL@173-177, YP_401715.3|LSELL@275-279, YP_001129434.1|LSPLL@73-77"
NP_690892.1|LSNLL@730-734,2,-2.7577994,-0.5600039,False,0.15851718187332153,3.308070659637451,"NP_690892.1|LSNLL@730-734, NCOA1|LXXLL|689-694, YP_009449557.1|LDALL@458-462, NP_056660.1|LPNLL@122-126, YP_009725315.1|LMALL@1677-1681"
YP_009725315.1|LMPLL@357-361,2,-2.5230649,-2.0760546,False,-0.2834470272064209,4.109474182128906,"YP_009725315.1|LMPLL@357-361, NP_059443.2|LLGLL@978-982, NP_751905.1|LLGLL@61-65, NCOA3|LXXLL|737-742, NCOA2|LXXLL|744-749"
YP_009725315.1|LGMLL@1173-1177,2,-4.3169026,0.34055907,False,0.12451856583356857,4.497265815734863,"YP_009725315.1|LGMLL@1173-1177, YP_010839404.1|LNLLL@55-59, YP_009111421.1|LIDLL@606-610, NP_955619.1|LKTLL@984-988, NP_536615.1|LEILL@278-282"
YP_009725315.1|LMALL@1677-1681,2,-2.456749,-0.8579539,False,0.1281837373971939,3.2188267707824707,"YP_009725315.1|LMALL@1677-1681, YP_009700102.2|LNRLL@747-751, NP_056660.1|LAVLL@459-463, YP_010084718.1|LNKLL@797-801, NP_042239.1|LRYLL@320-324"
YP_009700102.2|LIVLL@374-378,2,2.4937267,5.6922746,False,0.5513054132461548,5.19577693939209,"YP_009700102.2|LIVLL@374-378, YP_009246337.1|LLSLL@2233-2237, YP_009173871.1|LGPLL@9-13, YP_717940.1|LLLLL@577-581, NP_043512.1|LLLLL@576-580"
YP_009700102.2|LNRLL@747-751,2,-2.5839384,-0.9546092,False,0.08220270276069641,3.378570318222046,"YP_009700102.2|LNRLL@747-751, YP_009725315.1|LMALL@1677-1681, YP_009163893.1|LQQLL@244-248, YP_009449557.1|LDALL@458-462, NP_056660.1|LAVLL@459-463"
YP_009700102.2|LVSLL@1730-1734,2,0.16095592,0.3970541,False,0.552897036075592,0.6741483807563782,"YP_009700102.2|LVSLL@1730-1734, YP_009194637.1|LVPLL@5746-5750, YP_003766.2|LIPLL@5716-5720, NP_690895.1|LRPLL@217-221, YP_089656.1|LSPLL@388-392"
YP_009701465.1|LISLL@439-443,2,0.33820927,0.04220077,False,0.5294713377952576,1.0505454540252686,"YP_009701465.1|LISLL@439-443, NP_056843.1|LLRLL@16-20, NP_690897.1|LQSLL@358-362, YP_003766.2|LIPLL@5716-5720, NCOA3|LXXLL|620-625"
YP_010795723.1|LKGLL@416-420,2,-2.9836383,-1.5530885,False,-0.1712384819984436,4.064262866973877,"YP_010795723.1|LKGLL@416-420, YP_010086028.1|LATLL@95-99, YP_009944368.1|LKSLL@715-719, YP_010839405.1|LGDLL@1519-1523, YP_010790398.1|LSALL@139-143"
NP_051035.1|LTSLL@97-101,1,-3.1177354,-5.3384194,False,0.9828975796699524,0.11085445433855057,"NP_051035.1|LTSLL@97-101, NP_057861.1|LQDLL@185-189, NP_041002.1|LQDLL@191-195, NP_954567.1|LQDLL@55-59, NP_057860.1|LQDLL@185-189"
NP_051035.1|LRALL@1602-1606,2,1.1478908,0.55738616,False,0.5731150507926941,1.14789879322052,"NP_051035.1|LRALL@1602-1606, NP_690893.1|LCHLL@601-605, NP_044112.1|LPGLL@330-334, YP_009137510.1|LRALL@1621-1625, NP_740536.1|LPILL@221-225"
YP_009345598.1|LLMLL@138-142,2,-2.8914967,0.85455483,False,0.3480762541294098,3.020003080368042,"YP_009345598.1|LLMLL@138-142, NP_056797.1|LVSLL@705-709, YP_010084718.1|LNRLL@564-568, YP_010088058.1|LNRLL@564-568, NP_941982.1|LNRLL@564-568"
YP_009345598.1|LRALL@1612-1616,2,1.2891593,0.07300145,False,0.5397966504096985,1.5359216928482056,"YP_009345598.1|LRALL@1612-1616, NP_690893.1|LCHLL@601-605, YP_003767.1|LQNLL@705-709, NP_056797.1|LMVLL@257-261, NP_056921.1|LNRLL@291-295"
YP_009137510.1|LLLLL@337-341,2,2.3020635,6.492451,False,0.5276844501495361,5.844721794128418,"YP_009137510.1|LLLLL@337-341, NP_776006.1|LAGLL@59-63, NP_954569.1|LALLL@138-142, NP_041006.1|LALLL@446-450, NP_955621.1|LVALL@137-141"
YP_009137510.1|LRALL@1621-1625,2,1.1368729,0.7901074,False,0.5844689011573792,1.053909182548523,"YP_009137510.1|LRALL@1621-1625, NP_044112.1|LPGLL@330-334, NP_740536.1|LPILL@221-225, NP_051035.1|LRALL@1602-1606, NP_056788.1|LSPLL@160-164"
NP_059443.2|LLGLL@978-982,2,-2.449368,-2.098584,False,-0.2815602123737335,4.079924583435059,"NP_059443.2|LLGLL@978-982, NP_751905.1|LLGLL@61-65, YP_009725315.1|LMPLL@357-361, NCOA3|LXXLL|737-742, NCOA2|LXXLL|744-749"
NP_751905.1|LLGLL@61-65,2,-2.4181833,-2.1175292,False,-0.2837572395801544,4.075153350830078,"NP_751905.1|LLGLL@61-65, NP_059443.2|LLGLL@978-982, YP_009725315.1|LMPLL@357-361, NCOA3|LXXLL|737-742, NCOA2|LXXLL|744-749"
NP_056788.1|LLLLL@7-11,2,3.0944378,2.806145,False,0.577812135219574,3.4433462619781494,"NP_056788.1|LLLLL@7-11, NP_044114.1|LPLLL@115-119, NP_044114.1|LPLLL@115-119, YP_001129515.1|LALLL@27-31, YP_001129515.1|LLALL@33-37"
NP_056788.1|LSPLL@160-164,2,0.8449901,0.83970284,False,0.5872541069984436,0.7599174976348877,"NP_056788.1|LSPLL@160-164, NCOA2|LXXLL|877-882, NP_740536.1|LPILL@221-225, NP_044112.1|LPGLL@330-334, YP_009137510.1|LRALL@1621-1625"
YP_009028572.1|LQVLL@173-177,2,1.2088842,-1.8184367,False,0.27927732467651367,3.0865848064422607,"YP_009028572.1|LQVLL@173-177, NP_047111.2|LSDLL@207-211, NP_112026.1|LSDLL@207-211, NP_043508.1|LIFLL@29-33, YP_009118626.1|LLVLL@442-446"
YP_001856242.1|LCKLL@279-283,2,-0.74318206,-1.5608319,False,0.1724061667919159,2.769078016281128,"YP_001856242.1|LCKLL@279-283, NP_789740.1|LCKLL@426-430, NP_789739.1|LCKLL@279-283, YP_010229075.1|LVKLL@765-769, YP_003766.2|LVKLL@765-769"
NP_789740.1|LCKLL@426-430,2,-0.7558141,-1.5635988,False,0.1699233055114746,2.7756705284118652,"NP_789740.1|LCKLL@426-430, YP_001856242.1|LCKLL@279-283, NP_789739.1|LCKLL@279-283, YP_010229075.1|LVKLL@765-769, YP_003766.2|LVKLL@765-769"
NP_789739.1|LCKLL@279-283,2,-0.730555,-1.5411328,False,0.17968036234378815,2.7464287281036377,"NP_789739.1|LCKLL@279-283, YP_001856242.1|LCKLL@279-283, NP_789740.1|LCKLL@426-430, YP_010229075.1|LVKLL@765-769, NP_042239.1|LIMLL@279-283"
NP_663784.1|LKELL@816-820,2,-3.6301894,-1.2847005,False,-0.16298235952854156,4.428843021392822,"NP_663784.1|LKELL@816-820, NP_694845.1|LGDLL@1519-1523, NP_056919.1|LESLL@336-340, NCOA1|LXXLL|45-50, YP_325663.1|LKKLL@1972-1976"
NP_056844.1|LIHLL@757-761,2,2.1227515,1.7741978,False,0.596435546875,2.122180700302124,"NP_056844.1|LIHLL@757-761, YP_009194638.1|LVMLL@3429-3433, YP_009194637.1|LVMLL@3429-3433, YP_009944272.1|LWALL@21-25, YP_001129514.1|LRLLL@41-45"
NP_056843.1|LLRLL@16-20,2,0.3750677,0.015289823,False,0.5279946327209473,1.0849299430847168,"NP_056843.1|LLRLL@16-20, YP_009701465.1|LISLL@439-443, NP_690897.1|LQSLL@358-362, NCOA3|LXXLL|620-625, YP_009709863.1|LSPLL@279-283"
NP_955620.2|LVALL@449-453,2,2.3490434,6.2227936,False,0.536584734916687,5.613932132720947,"NP_955620.2|LVALL@449-453, NP_955621.1|LVALL@137-141, NP_776006.1|LAGLL@59-63, YP_001531173.2|LMILL@60-64, YP_001129515.1|LCLLL@83-87"
NP_955621.1|LVALL@137-141,2,2.3605244,6.2736,False,0.5348986983299255,5.665131092071533,"NP_955621.1|LVALL@137-141, NP_776006.1|LAGLL@59-63, NP_955620.2|LVALL@449-453, YP_001531173.2|LMILL@60-64, YP_001129515.1|LCLLL@83-87"
NP_955619.1|LQALL@483-487,2,-2.142971,0.55108744,False,0.3990119993686676,2.322495698928833,"NP_955619.1|LQALL@483-487, NP_057860.1|LQALL@828-832, YP_009137226.1|LRPLL@766-770, YP_001129421.1|LDLLL@64-68, YP_717941.1|LMDLL@13-17"
NP_955619.1|LLGLL@730-734,2,-3.948615,0.06384712,False,0.12405088543891907,4.191967010498047,"NP_955619.1|LLGLL@730-734, NP_057860.1|LLGLL@1075-1079, NCOA3|LXXLL|684-689, NP_694871.1|LTLLL@54-58, NP_536615.1|LEILL@278-282"
NP_955619.1|LPRLL@780-784,2,0.8341797,0.3778017,False,0.5630289912223816,0.9940028190612793,"NP_955619.1|LPRLL@780-784, NP_057860.1|LPRLL@1125-1129, NP_041004.1|LPPLL@112-116, YP_009163893.1|LPPLL@510-514, YP_001129421.1|LTPLL@2064-2068"
NP_955619.1|LKTLL@984-988,2,-4.358623,0.2545445,False,0.10618361085653305,4.553055286407471,"NP_955619.1|LKTLL@984-988, NP_057860.1|LKTLL@1329-1333, YP_009111421.1|LIDLL@606-610, YP_010839404.1|LNLLL@55-59, NP_536615.1|LEILL@278-282"
NP_955618.1|LQDLL@55-59,1,-3.2468064,-5.2182946,False,0.9876081943511963,0.06548261642456055,"NP_955618.1|LQDLL@55-59, NCOA4|LXXLL|91-96, NP_044111.1|LVTLL@151-155, NP_057860.1|LQDLL@185-189, NP_954567.1|LQDLL@55-59"
NP_955617.1|LASLL@67-71,2,0.07002699,2.644107,False,0.5958369374275208,1.5749199390411377,"NP_955617.1|LASLL@67-71, NP_057860.1|LASLL@68-72, NP_057861.1|LASLL@68-72, YP_010839405.1|LSGLL@1352-1356, YP_010839203.1|LNRLL@565-569"
NP_057860.1|LASLL@68-72,2,0.11725415,2.6051068,False,0.5976794362068176,1.5351048707962036,"NP_057860.1|LASLL@68-72, NP_955617.1|LASLL@67-71, NP_057861.1|LASLL@68-72, YP_010839405.1|LSGLL@1352-1356, YP_010839203.1|LNRLL@565-569"
NP_057860.1|LQDLL@185-189,1,-3.1947088,-5.269835,False,0.9932370185852051,0.007855372503399849,"NP_057860.1|LQDLL@185-189, NP_044111.1|LVTLL@151-155, NP_954567.1|LQDLL@55-59, NP_041002.1|LQDLL@191-195, NP_057861.1|LQDLL@185-189"
NP_057860.1|LQALL@828-832,2,-2.1287282,0.5644805,False,0.40163618326187134,2.3056416511535645,"NP_057860.1|LQALL@828-832, NP_955619.1|LQALL@483-487, YP_009137226.1|LRPLL@766-770, YP_001129421.1|LDLLL@64-68, YP_717941.1|LMDLL@13-17"
NP_057860.1|LLGLL@1075-1079,2,-3.9479618,0.04452915,False,0.12072872370481491,4.196012020111084,"NP_057860.1|LLGLL@1075-1079, NP_955619.1|LLGLL@730-734, NCOA3|LXXLL|684-689, NP_694871.1|LTLLL@54-58, NP_536615.1|LEILL@278-282"
NP_057860.1|LPRLL@1125-1129,2,0.86692923,0.42807904,False,0.5663221478462219,0.9842573404312134,"NP_057860.1|LPRLL@1125-1129, NP_955619.1|LPRLL@780-784, NP_041004.1|LPPLL@112-116, YP_009163893.1|LPPLL@510-514, NP_051035.1|LRALL@1602-1606"
NP_057860.1|LKTLL@1329-1333,2,-4.3850446,0.23502459,False,0.09983237832784653,4.582568168640137,"NP_057860.1|LKTLL@1329-1333, NP_955619.1|LKTLL@984-988, NP_536615.1|LEILL@278-282, YP_009111421.1|LIDLL@606-610, YP_010839404.1|LNLLL@55-59"
NP_057861.1|LASLL@68-72,2,0.15459253,2.5451825,False,0.5993338823318481,1.4755630493164062,"NP_057861.1|LASLL@68-72, YP_010839405.1|LSGLL@1352-1356, NP_057860.1|LASLL@68-72, YP_010839203.1|LNRLL@565-569, NP_955617.1|LASLL@67-71"
NP_057861.1|LQDLL@185-189,1,-3.172956,-5.292597,False,0.991154134273529,0.039318595081567764,"NP_057861.1|LQDLL@185-189, NP_041002.1|LQDLL@191-195, NP_954567.1|LQDLL@55-59, NP_057860.1|LQDLL@185-189, NP_044111.1|LVTLL@151-155"
NP_954569.1|LALLL@138-142,2,2.1346312,6.395898,False,0.5312383770942688,5.693908214569092,"NP_954569.1|LALLL@138-142, NP_041006.1|LALLL@446-450, YP_001531173.2|LMILL@60-64, YP_009137510.1|LLLLL@337-341, NP_776006.1|LAGLL@59-63"
NP_954567.1|LQDLL@55-59,1,-3.1908731,-5.2714987,False,0.9932398796081543,0.011721988208591938,"NP_954567.1|LQDLL@55-59, NP_041002.1|LQDLL@191-195, NP_057860.1|LQDLL@185-189, NP_044111.1|LVTLL@151-155, NP_057861.1|LQDLL@185-189"
NP_041005.1|LEELL@191-195,2,-0.56601906,-1.7123698,False,0.15134955942630768,2.8658945560455322,"NP_041005.1|LEELL@191-195, YP_001856242.1|LCKLL@279-283, NP_789739.1|LCKLL@279-283, NP_789740.1|LCKLL@426-430, YP_010229075.1|LVKLL@765-769"
NP_041006.1|LALLL@446-450,2,2.1292722,6.4032307,False,0.5309865474700928,5.698876857757568,"NP_041006.1|LALLL@446-450, NP_954569.1|LALLL@138-142, YP_001531173.2|LMILL@60-64, YP_009137510.1|LLLLL@337-341, NP_776006.1|LAGLL@59-63"
NP_041004.1|LSALL@83-87,2,-0.43877017,0.055971373,False,0.4960167407989502,1.1581872701644897,"NP_041004.1|LSALL@83-87, YP_009709868.1|LVNLL@168-172, CBP|LXXLL|2066-2071, CBP|LXXLL|69-74, NP_047110.2|LHHLL@135-139"
NP_041004.1|LPPLL@112-116,2,0.69967896,0.28335416,False,0.5556690692901611,0.976682722568512,"NP_041004.1|LPPLL@112-116, NP_955619.1|LPRLL@780-784, YP_009163893.1|LPPLL@510-514, YP_001129421.1|LTPLL@2064-2068, NP_057860.1|LPRLL@1125-1129"
NP_041002.1|LQDLL@191-195,1,-3.190749,-5.271893,False,0.993230938911438,0.01207830011844635,"NP_041002.1|LQDLL@191-195, NP_954567.1|LQDLL@55-59, NP_057860.1|LQDLL@185-189, NP_044111.1|LVTLL@151-155, NP_057861.1|LQDLL@185-189"
NP_112028.1|LNKLL@1173-1177,2,0.42718628,-1.2258371,False,0.3577072024345398,2.316195487976074,"NP_112028.1|LNKLL@1173-1177, NP_047113.3|LNRLL@1173-1177, NP_536616.1|LKILL@87-91, NP_042239.1|LKILL@85-89, MED1|LXXLL|644-649"
NP_112026.1|LSDLL@207-211,2,1.0822448,-1.9026904,False,0.25594601035118103,3.1243045330047607,"NP_112026.1|LSDLL@207-211, NP_047111.2|LSDLL@207-211, YP_009028572.1|LQVLL@173-177, YP_009194638.1|LLALL@3603-3607, YP_009194637.1|LLALL@3603-3607"
NP_047113.3|LNRLL@1173-1177,2,0.31569186,-1.3012061,False,0.3367922008037567,2.379206895828247,"NP_047113.3|LNRLL@1173-1177, NP_112028.1|LNKLL@1173-1177, NP_536616.1|LKILL@87-91, NP_042239.1|LKILL@85-89, NP_740553.1|LCFLL@159-163"
NP_047111.2|LKCLL@8-12,2,3.2532532,4.0346637,False,0.5687795877456665,4.31293249130249,"NP_047111.2|LKCLL@8-12, YP_009742613.1|LTSLL@19-23, NP_950235.1|LIVLL@823-827, YP_009709861.1|LLALL@178-182, YP_003848705.1|LMLLL@679-683"
NP_047111.2|LSDLL@207-211,2,1.121728,-1.8768324,False,0.2633945047855377,3.1121842861175537,"NP_047111.2|LSDLL@207-211, NP_112026.1|LSDLL@207-211, YP_009028572.1|LQVLL@173-177, YP_009194638.1|LLALL@3603-3607, NP_043508.1|LIFLL@29-33"
NP_047110.2|LHHLL@135-139,2,-0.58581847,-0.2354502,False,0.45263582468032837,1.4844330549240112,"NP_047110.2|LHHLL@135-139, CBP|LXXLL|69-74, NP_041004.1|LSALL@83-87, CBP|LXXLL|2066-2071, NP_054711.1|LRSLL@224-228"
YP_003848705.1|LMLLL@679-683,2,3.362785,4.2208023,False,0.5638447999954224,4.5208306312561035,"YP_003848705.1|LMLLL@679-683, YP_009709861.1|LLALL@178-182, YP_009742613.1|LTSLL@19-23, YP_010086028.1|LLALL@8-12, NP_047111.2|LKCLL@8-12"
YP_003848705.1|LFFLL@1173-1177,2,1.9367325,6.1451607,False,0.5391674041748047,5.390246868133545,"YP_003848705.1|LFFLL@1173-1177, YP_009227203.1|LLGLL@57-61, YP_001531173.2|LMILL@60-64, NP_954569.1|LALLL@138-142, NP_041006.1|LALLL@446-450"
YP_003848704.1|LLTLL@654-658,2,0.61398894,-0.70925254,False,0.4496356248855591,1.8463438749313354,"YP_003848704.1|LLTLL@654-658, YP_089652.1|LEALL@460-464, MED1|LXXLL|644-649, NCOA2|LXXLL|640-645, NCOA1|LXXLL|1434-1439"
